"LakeID","n_year_all","n_year_tp","n_year_do","n_year_tp_and_do","Priority","LakeName","Country","StateOrProvince","Latitude_DD","Longitude_DD","MaximumDepth_m","MeanDepth_m","SurfaceArea_ha","Elevation_m","hylak_id","stratified"
"389",43,29,43,29,1,"Beaver Lake near Eureka Springs","USA","Arkansas",36.4209,-93.8474,61.8744,33.7,12800,333,9313,TRUE
"390",43,17,42,16,1,"Bull Shoals Lake near Flippin","USA","Arkansas",36.3656,-92.5749,64,43.6,18271.6,214,808,TRUE
"391",43,20,43,20,1,"Norfork Lake near Norfork","USA","Arkansas",36.2492,-92.2379,54,30.8,8900,177,9322,TRUE
"393",28,28,21,21,1,"Lake Maumelle at Natural Steps","USA","Arkansas",34.8609,-92.5021,18.288,7.8,3600,92,9373,TRUE
"394",28,26,28,26,1,"Lake Winona at Reform","USA","Arkansas",34.7978,-92.8514,27.432,20.7,501.8,212,113051,TRUE
"55",33,14,33,14,1,"Annie","USA","Florida",27.9925,-81.6069,21,3.8,34.1,34,114449,TRUE
"15",38,36,36,34,1,"Kezar Lake - Upper Bay","USA","Maine",44.2263,-70.8976,49,2.5,1078,113,9017,TRUE
"20",21,18,21,18,1,"Horseshoe Pond","USA","Maine",44.2278,-70.9401,12,6.7,55,165,1046041,TRUE
"21",20,20,17,17,1,"Bauneg Beg Lake","USA","Maine",43.3652,-70.7383,8.8,4.4,80.9,63,1048629,TRUE
"22",30,30,29,29,1,"Sabbathday Lake","USA","Maine",43.9793,-70.3516,18,5.7,138,93,110630,TRUE
"309",36,36,16,16,1,"GOLDEN","USA","Minnesota",45.1395,-93.1533,7.3,2.4,23.1,217,1040166,TRUE
"310",23,23,12,12,1,"SALLIE","USA","Minnesota",46.7742,-95.8911,17.7,4.1,512.6,405,106794,TRUE
"311",23,22,12,11,1,"DETROIT","USA","Minnesota",46.7765,-95.832,25,4.2,1200.7,406,8616,TRUE
"312",19,19,15,15,1,"LONG","USA","Minnesota",46.813,-95.8932,18.6,3.4,144.5,412,106695,TRUE
"313",21,21,16,16,1,"LITTLE FLOYD","USA","Minnesota",46.8727,-95.8328,9.8,4.1,83,412,106620,TRUE
"314",19,19,17,17,1,"MUD","USA","Minnesota",46.883,-95.8599,10.4,4.1,74,413,106620,TRUE
"315",22,21,19,18,1,"MELISSA","USA","Minnesota",46.7431,-95.907,13.1,5.3,750.6,405,106835,TRUE
"316",26,26,20,20,1,"RILEY","USA","Minnesota",44.8354,-93.5181,15.2,4.2,121.7,263,109739,TRUE
"317",25,25,23,23,1,"ZUMBRA-SUNNY","USA","Minnesota",44.8891,-93.6632,17.7,4.1,65.6,287,1042150,TRUE
"319",24,24,23,23,1,"AUBURN (WEST BAY)","USA","Minnesota",44.8683,-93.6947,25.6,3.7,NA,285,109704,TRUE
"320",18,18,18,18,1,"STEIGER","USA","Minnesota",44.8677,-93.6593,12.2,4.2,113.7,287,1042329,TRUE
"321",22,22,21,21,1,"WASSERMANN","USA","Minnesota",44.8411,-93.6735,12.5,3.5,112,288,1042533,TRUE
"322",18,18,18,18,1,"PIERSONS","USA","Minnesota",44.8341,-93.6968,12.2,4.4,137.6,293,109745,TRUE
"324",30,30,29,29,1,"HARRIET","USA","Minnesota",44.9206,-93.306,25,4.9,142.9,259,109638,TRUE
"325",26,26,21,21,1,"HIAWATHA","USA","Minnesota",44.9211,-93.2362,9.4,NA,21.9,249,NA,TRUE
"326",26,26,23,23,1,"NOKOMIS","USA","Minnesota",44.9075,-93.2405,10.1,3.3,82.6,249,1041956,TRUE
"327",27,27,27,27,1,"CALHOUN","USA","Minnesota",44.9399,-93.3104,27.4,4.9,170.4,261,109606,TRUE
"328",27,27,26,26,1,"WIRTH","USA","Minnesota",44.9825,-93.3231,7.6,3.5,15,250,1041379,TRUE
"329",35,35,30,30,1,"CEDAR","USA","Minnesota",44.9615,-93.3201,15.5,3.9,68.8,261,1041607,TRUE
"330",32,32,30,30,1,"LAKE OF THE ISLES","USA","Minnesota",44.9539,-93.309,9.4,3.2,41.7,261,1041662,TRUE
"332",25,25,24,24,1,"BRYANT","USA","Minnesota",44.8769,-93.4285,13.7,4.6,70.5,260,1042183,TRUE
"333",24,24,16,16,1,"MEDICINE","USA","Minnesota",45.0052,-93.4148,14.9,4.6,383.8,272,109531,TRUE
"334",19,19,15,15,1,"PARKERS","USA","Minnesota",44.9925,-93.4714,11.3,4.5,37.2,286,1041325,TRUE
"335",22,22,14,14,1,"EAGLE/PIKE (EAGLE BAY)","USA","Minnesota",45.0735,-93.4127,10.7,3.1,NA,266,109427,TRUE
"336",21,21,21,21,1,"WEAVER","USA","Minnesota",45.1099,-93.5007,17.4,3.9,59.7,279,1040364,TRUE
"337",23,23,20,20,1,"FISH","USA","Minnesota",45.0881,-93.4668,14.6,4.7,92.1,271,1040446,TRUE
"339",19,19,17,17,1,"MINNETONKA (LOWER LAKE)","USA","Minnesota",44.9147,-93.568,24.7,6.7,NA,283,8906,TRUE
"340",14,14,14,14,1,"PEAVEY","USA","Minnesota",44.9646,-93.5361,19,NA,4,284,NA,TRUE
"341",18,18,14,14,1,"FOREST","USA","Minnesota",44.9575,-93.6324,12.5,4.6,32.8,283,1041639,TRUE
"342",19,19,19,19,1,"SPURZEM","USA","Minnesota",45.0363,-93.6222,11,3,26.3,292,1040959,TRUE
"343",17,17,17,17,1,"LONG","USA","Minnesota",44.9873,-93.5614,10.1,4.9,110,287,109540,TRUE
"344",26,26,25,25,1,"INDEPENDENCE","USA","Minnesota",45.0253,-93.6448,17.7,4.5,344.2,291,109490,TRUE
"345",18,18,18,18,1,"WHALETAIL (S. BAY)","USA","Minnesota",44.9324,-93.7163,6.7,4.5,NA,287,109604,TRUE
"346",19,19,19,19,1,"REBECCA","USA","Minnesota",45.0652,-93.7404,9.1,4.9,94.7,280,1040734,TRUE
"349",22,22,17,17,1,"BETTY (BETSY)","USA","Minnesota",45.2745,-94.2828,7.6,4.7,73.7,322,1039019,TRUE
"351",39,39,37,37,1,"BALD EAGLE","USA","Minnesota",45.1101,-93.0136,11.9,3.6,409.5,277,109383,TRUE
"353",38,38,38,38,1,"GERVAIS","USA","Minnesota",45.0171,-93.0716,14.6,4.2,86,263,1041125,TRUE
"357",39,39,36,36,1,"PHALEN","USA","Minnesota",44.9928,-93.0563,27.7,4.3,88.4,263,1041404,TRUE
"359",19,19,19,19,1,"TWIN","USA","Minnesota",45.0403,-93.0901,10.1,NA,14.6,266,NA,TRUE
"362",33,33,32,32,1,"McCARRON","USA","Minnesota",44.9982,-93.1119,17.3,4,32.9,257,1041307,TRUE
"364",32,32,29,29,1,"OWASSO","USA","Minnesota",45.0388,-93.1235,12.2,4.2,144.5,271,109479,TRUE
"365",41,41,39,39,1,"JOSEPHINE","USA","Minnesota",45.0332,-93.1518,13.4,3.5,44,270,1040946,TRUE
"366",32,32,32,32,1,"TURTLE","USA","Minnesota",45.098,-93.1372,7.3,4,179.7,274,109399,TRUE
"371",35,35,34,34,1,"SNAIL","USA","Minnesota",45.0693,-93.1227,9.1,4.7,63.4,270,1040696,TRUE
"374",41,41,40,40,1,"JOHANNA","USA","Minnesota",45.04,-93.1724,12.2,3.9,93,268,1040876,TRUE
"375",38,38,34,34,1,"WABASSO","USA","Minnesota",45.0445,-93.1167,20.1,2.7,18.8,271,1040882,TRUE
"376",42,42,33,33,1,"SILVER","USA","Minnesota",45.0447,-93.2261,14.3,3.2,28.1,285,1040893,TRUE
"378",14,14,14,14,1,"SPRING","USA","Minnesota",44.702,-93.4748,10.4,4.3,255.3,279,109933,TRUE
"379",26,26,18,18,1,"UPPER PRIOR","USA","Minnesota",44.7166,-93.4442,13.1,6.1,137.6,272,109902,TRUE
"380",29,28,19,18,1,"SQUARE","USA","Minnesota",45.1563,-92.8043,20.7,5.6,85,263,1040063,TRUE
"381",19,19,12,12,1,"DEMONTREVILLE","USA","Minnesota",45.0217,-92.9398,7.3,4.4,56.8,285,1041120,TRUE
"382",26,25,22,21,1,"TANNERS","USA","Minnesota",44.9507,-92.9806,15,3.5,28.4,295,1041680,TRUE
"383",20,19,16,15,1,"CARVER","USA","Minnesota",44.906,-92.98,11,4.4,20.6,274,1042013,TRUE
"384",30,30,29,29,1,"WHITE BEAR","USA","Minnesota",45.0687,-92.9739,25.3,5.9,1046,283,109431,TRUE
"385",19,19,11,11,1,"CLEARWATER (WEST)","USA","Minnesota",45.3152,-94.1274,21.3,5.9,600.1,301,8845,TRUE
"386",17,16,15,14,1,"LOUISA","USA","Minnesota",45.3075,-94.2541,13.7,5.8,60.1,306,109107,TRUE
"387",18,18,18,18,1,"AUGUSTA","USA","Minnesota",45.2991,-94.1685,25.6,4.9,65.2,303,1038771,TRUE
"388",22,22,18,18,1,"SCOTT","USA","Minnesota",45.2755,-94.258,7,3.3,37.2,315,1038989,TRUE
"80",17,17,17,17,1,"Bilby Ranch","USA","Missouri",40.3481,-95.1333,10,3.6,44.5,303,1055671,TRUE
"82",21,21,19,19,1,"Blind Poney","USA","Missouri",39.0316,-93.3681,7,3.4,43.4,215,1057168,TRUE
"83",27,27,26,26,1,"Bowling Green","USA","Missouri",39.3416,-91.1528,17,NA,8.9,241,NA,TRUE
"84",27,26,23,22,1,"Brookfield","USA","Missouri",39.7961,-93.0283,10,3.5,45.7,243,1056258,TRUE
"85",26,26,14,14,1,"Capri","USA","Missouri",37.8977,-90.6275,21,4.9,41.8,265,1058489,TRUE
"88",25,25,20,20,1,"Forest Lake","USA","Missouri",40.1688,-92.6592,13.5,9.7,231.6,244,112141,TRUE
"89",26,26,24,24,1,"McDaniel","USA","Missouri",37.2939,-93.3142,10.3,5.6,104.4,343,1059103,TRUE
"90",13,13,12,12,1,"Paho","USA","Missouri",40.3993,-93.6558,9,3.6,98.3,290,1055628,TRUE
"91",25,25,14,14,1,"Rain Tree","USA","Missouri",38.835,-94.3817,10,3.3,87.6,293,1057406,TRUE
"92",26,25,24,23,1,"Shayne","USA","Missouri",37.9,-90.64,17,4.8,29.6,271,1058490,TRUE
"93",27,27,19,19,1,"Smithville","USA","Missouri",39.3979,-94.554,16,12.3,2868,263,9219,TRUE
"94",26,26,12,12,1,"Stockton","USA","Missouri",37.6917,-93.7666,29,21.4,11226.8,261,9273,TRUE
"96",27,27,18,18,1,"Truman","USA","Missouri",38.2639,-93.4083,15,34.3,21777.8,215,796,TRUE
"115",39,37,36,34,1,"Flathead","USA","Montana",47.8812,-114.1183,113,4.5,51022.8,881,730,TRUE
"244",26,24,21,19,1,"Blaisdell","USA","NH",43.2878,-71.9368,12,6.4,65,249,1048804,TRUE
"247",21,20,19,18,1,"Clough Pond","USA","NH",43.3245,-71.497,16.8,NA,17.8,148,NA,TRUE
"248",27,26,26,25,1,"Crystal   ","USA","NH",43.4434,-71.3111,16.2,7.5,184.1,188,110967,TRUE
"252",27,24,24,21,1,"Granite","USA","NH",43.021,-72.1414,35.1,6.3,94.3,387,1049427,TRUE
"253",27,25,24,22,1,"Halfmoon","USA","NH",43.3911,-71.2277,8.2,6.9,114.5,195,110986,TRUE
"254",27,25,26,24,1,"Hills Pond","USA","NH",43.4813,-71.3032,12.2,5.6,37.6,246,1048364,TRUE
"255",27,26,26,25,1,"Island Pond","USA","NH",42.866,-71.2114,21.3,7.1,215.3,62,111167,TRUE
"257",27,25,24,22,1,"Kezar","USA","NH",43.3614,-71.9501,8.2,5.9,68.8,277,1048643,TRUE
"258",27,25,25,23,1,"Kolelemook","USA","NH",43.4885,-72.0417,6.7,6,38,428,1048343,TRUE
"259",27,25,22,20,1,"Massasecum","USA","NH",43.2427,-71.9127,15.2,10.6,165.5,194,111031,TRUE
"260",23,21,20,18,1,"Millen Pond","USA","NH",43.1684,-72.1212,12.8,6.4,57.9,483,1049065,TRUE
"261",26,25,21,20,1,"Nubanusit","USA","NH",42.9863,-72.0577,29.6,13.6,290.6,418,111129,TRUE
"262",26,25,20,19,1,"Otter Pond","USA","NH",43.433,-72.057,9.1,5.5,76.9,344,1048480,TRUE
"263",27,25,24,22,1,"Partridge","USA","NH",44.3096,-71.8827,15.8,5.4,40.1,260,1045695,TRUE
"264",27,26,24,24,1,"Pawtuckaway","USA","NH",43.0872,-71.1381,15.2,5.9,317.3,76,111102,TRUE
"266",22,20,17,15,1,"Pleasant","USA","NH",43.4288,-71.9594,28,10.4,243.6,243,110975,TRUE
"267",27,24,26,23,1,"Post Pond","USA","NH",43.8273,-72.1502,11.6,6.6,46.1,128,1047544,TRUE
"268",26,24,22,20,1,"Rand Pond","USA","NH",43.319,-72.1079,8.2,4.9,19.4,387,1048738,TRUE
"269",27,25,23,21,1,"Spofford","USA","NH",42.9171,-72.4396,20.1,11.3,296.2,217,111146,TRUE
"270",27,26,25,24,1,"Stinson","USA","NH",43.868,-71.7986,23.5,9.2,138.4,397,110729,TRUE
"272",27,25,23,21,1,"Sunset","USA","NH",43.4742,-71.3096,23.8,6.8,102.4,246,1048390,TRUE
"273",25,25,19,19,1,"Todd","USA","NH",43.2803,-71.9682,6.7,6.3,68.4,204,1048831,TRUE
"274",27,25,24,22,1,"Webster","USA","NH",43.4668,-71.6827,11.9,8.6,245.2,120,110954,TRUE
"275",27,25,26,24,1,"White Oak Pond","USA","NH",43.7175,-71.5576,10.7,8,119.4,180,110817,TRUE
"NHLAK600020303-05",28,28,21,21,1,"big pea porridge pond","USA","New Hampshire",43.941222,-71.119469,13.7,4,63.466096008,199,1047130,TRUE
"NHLAK600020303-06",28,28,21,21,1,"middle pea porridge pond","USA","New Hampshire",43.939778,-71.1328,13.4,4.7,19.830828058,197,1047141,TRUE
"NHLAK600020601-01-01",31,30,24,24,1,"bearcamp pond","USA","New Hampshire",43.814583,-71.3689,9.2,2.7,58.58436879,180,1047584,TRUE
"NHLAK600020604-03",15,13,14,12,1,"moores pond","USA","New Hampshire",43.857694,-71.196778,11.3,4.4,17.201987802,134,1047435,TRUE
"NHLAK600020701-02",23,23,14,14,1,"lower beech pond","USA","New Hampshire",43.672189,-71.207289,15.2,6.8,64.428439316,297,1047949,TRUE
"NHLAK600020703-03",25,25,24,24,1,"pine river pond","USA","New Hampshire",43.628889,-71.0277,16.8,3.7,230.199156124,176,110862,TRUE
"NHLAK600020802-04-01",20,20,17,17,1,"ossipee","USA","New Hampshire",43.7795,-71.1386,18.5,8.5,1311.846729726,123,9041,TRUE
"NHLAK600020803-01-01",20,20,12,12,1,"lower danforth pond","USA","New Hampshire",43.820083,-71.1038,16.8,7.1,13.068120312,123,1047572,TRUE
"NHLAK600020804-01-01",20,20,17,17,1,"berry bay","USA","New Hampshire",43.803808,-71.073133,11.6,3.7,61.60939664,123,110775,TRUE
"NHLAK600020804-01-02",33,33,26,26,1,"leavitt bay","USA","New Hampshire",43.79682,-71.081038,12.8,3.4,76.92878517,123,110775,TRUE
"NHLAK600020804-01-03",33,33,29,29,1,"broad bay","USA","New Hampshire",43.804067,-71.101078,22.3,8.3,174.034404928,123,110775,TRUE
"NHLAK600030604-01-01",13,13,13,13,1,"bow","USA","New Hampshire",43.248889,-71.17,21,6.4,463.68719537,156,111036,TRUE
"NHLAK600030607-01",36,36,29,29,1,"ayers pond","USA","New Hampshire",43.256,-71.0433,9.1,4.4,95.156651982,70,1048875,TRUE
"NHLAK600030703-03-01",23,22,22,22,1,"onway","USA","New Hampshire",43.0367,-71.219694,8.5,3.2,72.134470128,80,1049376,TRUE
"NHLAK700010307-01",34,33,23,23,1,"loon","USA","New Hampshire",43.795278,-71.754694,8.8,3.9,48.937868608,149,1047650,TRUE
"NHLAK700010801-01",16,16,14,14,1,"pemigewasset","USA","New Hampshire",43.616583,-71.593,8.8,2.4,100.50781496,171,110879,TRUE
"NHLAK700010802-03-01",25,23,23,22,1,"hermit","USA","New Hampshire",43.5686,-71.607889,15.2,2.5,88.694221248,190,1048208,TRUE
"NHLAK700010804-01-01",36,35,28,28,1,"highland","USA","New Hampshire",43.4575,-71.759389,13.4,5,83.177541696,196,1048427,TRUE
"NHLAK700020101-07-01",35,35,28,28,1,"rust pond","USA","New Hampshire",43.562083,-71.1654,12.2,7.4,96.507898536,176,1048205,TRUE
"NHLAK700020103-05",32,31,21,21,1,"lees pond","USA","New Hampshire",43.736889,-71.396778,11.3,3.7,61.968757808,156,1047799,TRUE
"NHLAK700020108-02-01",31,30,23,23,1,"waukewan","USA","New Hampshire",43.6586354857321,-71.5249795082275,21.4,6.7,374.44381522,164,110858,TRUE
"NHLAK700020108-02-02",37,36,29,29,1,"winona","USA","New Hampshire",43.675278,-71.5671,14.6,6.6,59.708991184,165,1047954,TRUE
"NHLAK700020201-04",27,26,26,26,1,"wicwas","USA","New Hampshire",43.620083,-71.5519,10.9,3.9,141.324849606,153,110887,TRUE
"NHLAK700020201-05-01",36,36,21,21,1,"winnisquam","USA","New Hampshire",43.540189600613,-71.5161143250575,53,15.2,1700.97214834,147,9062,TRUE
"NHLAK700030101-05",33,32,30,30,1,"gilmore pond","USA","New Hampshire",42.807511,-72.055181,13.1,3.7,50.41375845,320,1049946,TRUE
"NHLAK700030102-01-01",33,32,29,29,1,"thorndike pond","USA","New Hampshire",42.859778,-72.0553,7,3.4,101.647815422,353,1049797,TRUE
"NHLAK700030103-05-01",32,31,28,28,1,"harrisville pond","USA","New Hampshire",42.949056,-72.098972,12.5,4.7,55.904538098,401,1049599,TRUE
"NHLAK700030108-02-01",22,22,21,21,1,"gregg","USA","New Hampshire",43.0317,-71.987,11,5.3,81.07479324,320,1049363,TRUE
"NHLAK700030201-03",35,34,27,27,1,"highland","USA","New Hampshire",43.11560710546,-72.0857652206432,9.1,2.4,281.181498404,396,NA,TRUE
"NHLAK700030202-03-01",15,15,10,10,1,"jackman reservoir","USA","New Hampshire",43.0992702412869,-71.9529192546917,9.2,4.7,195.14970635,233,111084,TRUE
"NHLAK700030204-02",16,15,14,14,1,"contention pond","USA","New Hampshire",43.1656,-71.964194,9.7,5.7,37.895201726,262,1049057,TRUE
"NHLAK700030303-04",27,26,18,18,1,"messer pond","USA","New Hampshire",43.4008,-72.0095,7.6,2.6,28.941928662,335,1048550,TRUE
"NHLAK700030304-07",37,37,25,25,1,"tucker pond","USA","New Hampshire",43.338194,-71.802778,6.7,2,22.139561688,205,1048701,TRUE
"NHLAK700030304-08",28,27,20,20,1,"winnepocket","USA","New Hampshire",43.306,-71.7345,20.4,5.8,92.289046986,137,1048745,TRUE
"NHLAK700030501-01",17,17,15,15,1,"gould pond","USA","New Hampshire",43.1515,-71.888278,11,5.7,23.652277956,187,1049101,TRUE
"NHLAK700030504-02-01",30,30,22,22,1,"french pond","USA","New Hampshire",43.192722,-71.775972,11.8,4.3,15.662157572,165,1049000,TRUE
"NHLAK700030505-01",32,31,24,24,1,"clement pond","USA","New Hampshire",43.2165,-71.766389,15.5,6.6,45.103468758,129,1048937,TRUE
"NHLAK700030506-02",13,12,12,12,1,"walker pond","USA","New Hampshire",43.31749,-71.68032,12.8,4.8,82.625549992,153,111010,TRUE
"NHLAK700060201-01-01",29,28,19,19,1,"loon pond","USA","New Hampshire",43.395889,-71.381778,13.6,7,51.923641916,276,1048566,TRUE
"NHLAK700060402-10-02",34,33,29,29,1,"upper suncook pond","USA","New Hampshire",43.390694,-71.287889,13.1,5.6,162.255209526,168,110989,TRUE
"NHLAK700060502-03",20,19,15,15,1,"chestnut pond","USA","New Hampshire",43.250139,-71.29,7,3.4,11.26645824,225,NA,TRUE
"NHLAK700060502-06",29,28,22,22,1,"jenness pond","USA","New Hampshire",43.257778,-71.250381,8.5,2.7,107.737125664,201,1048867,TRUE
"NHLAK700060601-01",36,35,29,29,1,"deering reservoir","USA","New Hampshire",43.0573,-71.8435,11.3,3.5,130.28056398,279,111107,TRUE
"NHLAK700060803-01",23,23,21,21,1,"nutt pond","USA","New Hampshire",42.960694,-71.448694,9.2,4,7.115998624,71,NA,TRUE
"NHLAK700060804-02",35,34,29,29,1,"sebbins pond","USA","New Hampshire",42.928083,-71.478278,7,3.4,7.983240722,59,NA,TRUE
"NHLAK700061102-02",21,20,17,17,1,"canobie","USA","New Hampshire",42.794278,-71.254583,15.2,5.5,151.40719661,66,111184,TRUE
"NHLAK700061203-02-01",32,31,21,21,1,"beaver","USA","New Hampshire",42.906,-71.293389,14,5,55.424580502,86,1049714,TRUE
"NHLAK700061203-06-01",23,23,17,17,1,"robinson pond","USA","New Hampshire",42.7985,-71.386278,9,3.3,51.897337326,64,1049988,TRUE
"NHLAK700061204-01-01",35,34,32,31,1,"cobbetts pond","USA","New Hampshire",42.7964830553936,-71.2865682199084,19.2,5.2,121.96224325,54,111188,TRUE
"NHLAK700061204-03",36,35,32,32,1,"rock pond","USA","New Hampshire",42.7695,-71.3021,8.2,3,13.464712592,44,1050060,TRUE
"NHLAK700061205-02-01",13,10,12,10,1,"long pond","USA","New Hampshire",42.698694,-71.3671,7.6,3.2,11.908694922,50,1050238,TRUE
"NHLAK700061403-01-01",19,19,12,12,1,"angle pond","USA","New Hampshire",42.898778,-71.1593,11.6,3,64.88330638,67,1049723,TRUE
"NHLAK700061403-06-01",32,32,25,25,1,"great pond","USA","New Hampshire",42.9212670116061,-71.0623252860352,14.6,4.5,108.152738186,36,111148,TRUE
"NHLAK801030102-02",17,16,12,12,1,"martin meadow pond","USA","New Hampshire",44.4415,-71.6019,9.1,4.1,51.681639688,325,1045075,TRUE
"NHLAK801030505-03",29,28,23,23,1,"lower mountain","USA","New Hampshire",44.1255,-71.958889,8.5,3.8,16.090720046,238,1046409,TRUE
"NHLAK801040201-01",35,34,31,31,1,"armington","USA","New Hampshire",43.958389,-71.9692,9.7,3.7,61.47382683,409,1047028,TRUE
"NHLAK801040201-03",22,21,18,18,1,"tarleton","USA","New Hampshire",43.977,-71.963278,20,8.5,134.951449792,401,110633,TRUE
"NHLAK801060101-05",21,19,19,18,1,"reservoir pond","USA","New Hampshire",43.786694,-72.0419,13.7,3.8,64.073529694,413,1047691,TRUE
"NHLAK801060105-04-01",32,31,31,31,1,"mascoma","USA","New Hampshire",43.631247729504,-72.153807363218,20.1,8.7,467.321680336,227,110859,TRUE
"NHLAK801060401-06",36,35,29,29,1,"eastman pond","USA","New Hampshire",43.520583,-72.1156,9.2,3,128.990829698,337,110939,TRUE
"NHLAK801060402-02",20,20,10,10,1,"baptist pond","USA","New Hampshire",43.449083,-72.0801,7.5,2.4,33.631025344,387,1048439,TRUE
"NHLAK801060402-04-01",24,23,17,17,1,"little sunapee","USA","New Hampshire",43.433083,-72.0118,13.1,4.4,196.243572608,371,110970,TRUE
"NHLAK801060402-05-01",36,36,28,28,1,"sunapee","USA","New Hampshire",43.3739903515825,-72.0538515427502,31.9,11.4,1665.210451206,332,NA,TRUE
"NHLAK801060402-11",38,37,31,31,1,"mountainview","USA","New Hampshire",43.343194,-72.0778,6.7,4.1,46.79181875,340,1048683,TRUE
"NHLAK801060404-01",33,32,26,26,1,"rockybound pond","USA","New Hampshire",43.446417,-72.145056,9.1,4.5,28.669170298,321,1048448,TRUE
"NHLAK801070201-01",32,32,28,28,1,"crescent","USA","New Hampshire",43.2667,-72.2465,7.3,3.2,51.517337172,370,1048844,TRUE
"NHLAK802010101-04",31,22,20,15,1,"long pond","USA","New Hampshire",43.184439,-72.155275,20.3,4.8,46.033841872,471,1048999,TRUE
"NHLAK802010101-08",34,34,25,25,1,"sand pond","USA","New Hampshire",43.1838,-72.1668,18.3,6.2,62.565264972,470,1049037,TRUE
"NHLAK802010201-03",23,23,22,22,1,"center pond","USA","New Hampshire",43.0644,-72.1277,8.5,3.9,32.911493636,404,1049309,TRUE
"NHLAK802010202-05",16,14,12,11,1,"dublin pond","USA","New Hampshire",42.905417,-72.078556,31.1,10.1,95.45328682,451,1049715,TRUE
"NHLAK802010202-09",32,31,22,22,1,"silver","USA","New Hampshire",42.961194,-72.14,26.2,10.4,139.86150503,401,111139,TRUE
"NHLAK802010302-01-01",32,31,26,26,1,"swanzey","USA","New Hampshire",42.845583,-72.302889,16.2,6.9,43.608153988,160,104841,TRUE
"NHLAK802010303-04",24,23,22,22,1,"rockwood pond","USA","New Hampshire",42.791194,-72.18,6.7,3.2,32.906232718,337,1049983,TRUE
"NHLAK802010303-05-01",34,32,15,15,1,"stone pond","USA","New Hampshire",42.896439,-72.152014,14.6,6,31.758947908,394,1049731,TRUE
"NHLAK802020103-06",35,35,25,25,1,"monomonac","USA","New Hampshire",42.727278,-71.9856,7.8,2.8,165.858938356,318,111217,TRUE
"NHLAK802020202-02-01",34,34,27,27,1,"laurel","USA","New Hampshire",42.739167,-72.153139,13.4,6.1,72.674725938,333,1050142,TRUE
"7",24,24,24,24,1,"Neversink Reservoir","USA","New York",41.8222,-74.6424,51.3,42.3,604.1,439,111593,TRUE
"aba100",19,15,13,13,1,"Middle Settlement","USA","New York",43.682807,-75.101427,11,3.4,15.8,526,NA,TRUE
"aba101",19,18,18,18,1,"Moss","USA","New York",43.785354,-74.849156,15.2,5.7,45.7,536,1047684,TRUE
"aba102",19,18,18,18,1,"North","USA","New York",43.527752,-74.939567,17.7,5.7,176.8,555,110936,TRUE
"aba103",19,13,13,13,1,"Queer","USA","New York",43.805956,-74.803521,21.3,10.9,54.5,597,1047606,TRUE
"aba105",19,18,18,18,1,"Rondaxe","USA","New York",43.760307,-74.910862,10.1,3,90.5,524,1047747,TRUE
"aba106",19,18,18,18,1,"Sagamore","USA","New York",43.767976,-74.618747,22.9,10.5,68,580,1047729,TRUE
"aba107",19,18,18,18,1,"South","USA","New York",43.510956,-74.875888,18.3,8.3,197.4,615,110938,TRUE
"aba109",19,18,18,18,1,"Squaw","USA","New York",43.635083,-74.739599,6.7,3.4,36.4,646,1048049,TRUE
"aba112",19,13,13,13,1,"Willys","USA","New York",43.970776,-74.957396,13.7,4.9,24.3,632,1046999,TRUE
"aba86",19,18,18,18,1,"Big Moose","USA","New York",43.826468,-74.859192,21.3,6.8,512.5,558,110758,TRUE
"aba87",19,18,19,18,1,"Brooktrout","USA","New York",43.600966,-74.660624,23.2,8.4,28.7,724,1048123,TRUE
"aba91",19,18,18,18,1,"Dart","USA","New York",43.796228,-74.86274,17.7,7.3,51.8,537,1047659,TRUE
"aba92",19,18,18,18,1,"G","USA","New York",43.417142,-74.633945,9.8,4.5,32.2,620,1048505,TRUE
"aba94",19,18,18,18,1,"Indian","USA","New York",43.622864,-74.760748,10.7,3,33.2,654,1048075,TRUE
"aba95",19,18,18,18,1,"Jockeybush","USA","New York",43.302775,-74.591444,11.3,4.5,17.3,599,1048760,TRUE
"aba96",19,18,18,18,1,"Limekiln","USA","New York",43.713892,-74.799211,21.9,6.1,186.9,575,110821,TRUE
"aba98",19,13,13,13,1,"Loon Hollow","USA","New York",43.963601,-75.04253,11.6,3.4,5.7,605,NA,TRUE
"415",25,23,25,23,1,"Acton","USA","Ohio",39.5628,-84.7406,7.6,10.5,253,263,112264,TRUE
"aba14",12,12,11,11,1,"Willow Creek Reservoir","USA","Oregon",45.34695,-119.54463,26,6.81,64,632.9,1038367,TRUE
"306",26,26,25,25,1,"Champlain - Main Lake","USA","Vermont",44.5861,-73.3745,122,22.6,126909,33,64,TRUE
"400",17,17,12,12,1,"Claytor","USA","Virginia",37.0744,-80.5881,37.5,19.6,1820.8,564,9288,TRUE
"1",23,23,23,23,1,"Washington","USA","Washington",47.6215,-122.2558,65,34,8760,12,8478,TRUE
"2",23,23,23,23,1,"Sammamish","USA","Washington",47.6085,-122.0878,32,25.2,1980,7,8476,TRUE
"114",28,28,28,28,1,"Delavan","USA","Wisconsin",42.6026,-88.6078,15.8,3.3,771.3,282,111242,TRUE
"116",26,26,23,23,1,"Powers","USA","Wisconsin",42.5471,-88.2983,10.06,3.4,182.5,251,111278,TRUE
"134",26,24,23,21,1,"Crystal2","USA","Wisconsin",43.8061,-88.0186,18.59,4.5,52.2,285,1047619,TRUE
"135",17,17,17,17,1,"Keesus","USA","Wisconsin",43.1692,-88.32,12.8,4.4,95.1,292,1049068,TRUE
"136",18,18,16,16,1,"Mary","USA","Wisconsin",42.5233,-88.2567,10.06,4.1,132.3,239,111284,TRUE
"26",35,30,35,30,1,"Allequash","USA","Wisconsin",46.0367,-89.6291,8,6.6,168.4,490,108073,TRUE
"27",35,30,35,30,1,"Big Muskellunge","USA","Wisconsin",46.0162,-89.6135,21.3,6.5,396.3,497,108077,TRUE
"29",35,30,35,30,1,"Crystal Lake","USA","Wisconsin",46.0018,-89.6136,20.4,3.5,36.7,497,1032388,TRUE
"30",20,19,20,19,1,"Fish Lake","USA","Wisconsin",43.2872,-89.6531,18.9,4.3,87.4,260,1048799,TRUE
"33",35,30,35,30,1,"Sparkling","USA","Wisconsin",46.0091,-89.6995,20,4.4,64,497,1032267,TRUE
"34",35,30,35,30,1,"Trout Bog","USA","Wisconsin",46.0412,-89.6861,7.9,NA,1.1,498,NA,TRUE
"35",35,30,35,30,1,"Trout","USA","Wisconsin",46.0461,-89.6751,35.7,11,1607.9,488,8736,TRUE
"WI-213124",24,17,15,10,1,"Metonga Lake","USA","Wisconsin",45.539994,-88.9039006,24.0792,7.62,824.952411,487,108807,TRUE
"WI-243022",24,23,12,11,1,"Little Green Lake","USA","Wisconsin",43.736942,-88.98501,8.5344,3.048,187.13085326,291,110810,TRUE
"WI-283123",34,30,15,11,1,"Rock Lake","USA","Wisconsin",43.08344,-88.93118,18.288,4.8768,552.2142813,252,111101,TRUE
"WI-303121",27,24,12,10,1,"Lake Mary","USA","Wisconsin",42.523328,-88.2566746,10.0584,2.7432,132.48610268,239,111284,TRUE
"WI-353089",17,17,10,10,1,"Lake Mohawksin","USA","Wisconsin",45.4718264,-89.7490418,7.62,2.7432,613.10738372,437,NA,TRUE
"WI-363064",32,32,16,16,1,"Bullhead Lake","USA","Wisconsin",44.1036087,-88.037508,12.192,3.9624,28.13377072,247,1046483,TRUE
"WI-373390",33,33,12,12,1,"Pike Lake","USA","Wisconsin",44.8161026,-89.3461117,10.3632,3.9624,82.42644448,374,1042849,TRUE
"WI-443140",36,36,10,10,1,"Pelican Lake","USA","Wisconsin",45.502777,-89.19528,11.8872,4.5,1434.52688594,483,8826,TRUE
"WI-493063",31,26,14,10,1,"Deer Lake","USA","Wisconsin",45.4052708,-92.5127853,14.0208,7.9248,317.880853,337,108987,TRUE
"WI-493105",22,22,13,13,1,"North Pipe Lake","USA","Wisconsin",45.5330533,-92.1991722,11.2776,NA,26.08605956,377,NA,TRUE
"WI-493122",33,33,15,15,1,"Bear Trap Lake","USA","Wisconsin",45.314163,-92.4102876,7.62,5.1816,100.1395507,312,109100,TRUE
"WI-493126",20,19,14,13,1,"Bone Lake","USA","Wisconsin",45.545508,-92.388779,13.1064,7.0104,674.44564074,350,108829,TRUE
"WI-493131",33,33,15,15,1,"Wapogasset Lake","USA","Wisconsin",45.319435,-92.42612,9.7536,5.1816,481.09476366,312,109100,TRUE
"WI-513126",25,25,13,13,1,"Round Lake","USA","Wisconsin",45.92111,-90.0739,7.3152,4.8768,302.7253623,472,108229,TRUE
"WI-523120",38,33,32,28,1,"Browns Lake","USA","Wisconsin",42.6902768,-88.2436133,13.4112,2.4384,160.77365408,229,111221,TRUE
"WI-563057",37,37,15,15,1,"Cedar Lake","USA","Wisconsin",45.21333,-92.57195,9.7536,6.7,453.38591324,280,109253,TRUE
"WI-563058",30,24,15,10,1,"Bass Lake","USA","Wisconsin",45.0688863,-92.6494533,10.0584,4.9,149.72572628,269,109465,TRUE
"WI-573124",31,31,13,13,1,"Lake Redstone","USA","Wisconsin",43.5886,-90.08669,11.1252,4.2672,256.9958443,279,110902,TRUE
"WI-583046",38,28,18,10,1,"Lac Courte Oreilles","USA","Wisconsin",45.8977,-91.39703,27.432,10.3632,2079.85536898,390,NA,TRUE
"WI-583047",33,30,14,11,1,"Sand Lake","USA","Wisconsin",45.8483287,-91.4855616,15.24,6.4008,384.24126328,394,108359,TRUE
"WI-593003",23,21,15,13,1,"Long Lake","USA","Wisconsin",44.6972168,-88.6411228,10.668,5.7912,35.06199504,240,1043686,TRUE
"WI-593044",29,22,12,10,1,"Grass Lake","USA","Wisconsin",44.69164,-88.670715,15.8496,4.2672,36.3003342,244,109954,TRUE
"WI-593072",24,24,13,13,1,"Shawano Lake","USA","Wisconsin",44.8088844,-88.5183418,12.0396,2.7432,2515.27322382,243,8939,TRUE
"WI-593121",35,34,11,10,1,"White Clay Lake","USA","Wisconsin",44.801606,-88.4037811,14.0208,4.2672,95.69609842,247,1042936,TRUE
"WI-643444",27,20,15,10,1,"Annabelle Lake","USA","Wisconsin",46.212498,-89.6825,9.144,3.6576,78.69928642,509,1029879,TRUE
"WI-643451",24,24,14,14,1,"Kentuck Lake","USA","Wisconsin",45.992214,-88.98723,12.192,3.9624,405.14329518,520,108132,TRUE
"WI-653126",39,35,14,12,1,"Whitewater Lake","USA","Wisconsin",42.76,-88.700005,10.668,6.1,253.00564034,266,111201,TRUE
"WI-663053",17,15,12,11,1,"Slim Lake","USA","Wisconsin",45.7972142,-91.5558369,12.8016,6.7056,84.92740396,390,1034551,TRUE
"WI-663088",26,23,14,11,1,"Long Lake","USA","Wisconsin",45.757774,-91.6475,22.5552,7.9248,1407.46957998,382,8801,TRUE
"WI-663099",22,21,10,10,1,"Minong Flowage","USA","Wisconsin",46.1233272,-91.9327838,6.4008,2.7432,642.38236896,303,107891,TRUE
"WI-663105",19,18,12,11,1,"Deep Lake","USA","Wisconsin",45.7683271,-91.7700062,7.62,3.9624,17.40554486,383,1034845,TRUE
"WI-663128",20,16,11,10,1,"Bean Lake","USA","Wisconsin",45.9466664,-91.5836119,10.668,4.8768,40.50502174,353,1032952,TRUE
"WI-673120",24,21,15,13,1,"Druid Lake","USA","Wisconsin",43.2783303,-88.4080627,16.1544,7.62,49.5335664,298,1048826,TRUE
"WI-673123",36,28,18,13,1,"Pike Lake","USA","Wisconsin",43.3119424,-88.3327805,13.716,3.4,186.55215228,304,111013,TRUE
"WI-673202",33,31,22,20,1,"Friess Lake","USA","Wisconsin",43.2449912,-88.276667,14.6304,8.2296,49.15316156,297,1048885,TRUE
"WI-673206",37,30,29,26,1,"Cedar Lake","USA","Wisconsin",43.3733467,-88.2637204,32.004,10.3632,379.17864142,318,110991,TRUE
"WI-673225",27,22,13,10,1,"Lake Five","USA","Wisconsin",43.1949925,-88.2738905,7.0104,4,41.98212564,296,1048988,TRUE
"WI-673250",18,17,12,11,1,"Little Friess Lake","USA","Wisconsin",43.2396295,-88.2791841,10.3632,4.8768,6.54377262,293,NA,TRUE
"WI-683125",28,20,18,12,1,"Lac La Belle","USA","Wisconsin",43.12739,-88.515854,13.716,3.3528,466.89433192,264,111075,TRUE
"WI-683129",36,27,30,25,1,"Nagawicka Lake","USA","Wisconsin",43.072933,-88.38854,27.432,10.9728,396.96459112,269,111103,TRUE
"WI-683137",27,22,14,10,1,"North Lake","USA","Wisconsin",43.1527695,-88.3797305,23.89632,4.4,178.2439487,274,111065,TRUE
"WI-683143",38,32,35,30,1,"Pewaukee Lake","USA","Wisconsin",43.0799914,-88.2916677,13.716,4.572,986.28453176,264,111096,TRUE
"WI-693025",30,29,11,10,1,"School Section Lake","USA","Wisconsin",44.5498978,-88.9292879,11.5824,8.5344,15.59255158,254,1044577,TRUE
"WI-703027",19,16,13,10,1,"Marl Lake","USA","Wisconsin",44.1091602,-89.3883441,10.668,4.8768,11.17338046,309,1046472,TRUE
"17",16,16,16,16,1.5,"Cushman Pond","USA","Maine",44.2197,-70.8317,6,NA,15,220,NA,FALSE
"18",19,19,19,19,1.5,"Heald Pond","USA","Maine",44.2158,-70.8676,5,6.1,43,142,1046061,FALSE
"19",15,15,14,14,1.5,"Farrington Pond","USA","Maine",44.1781,-70.9269,5,4.9,23,113,1046210,FALSE
"308",29,29,29,29,1.5,"OTTER","USA","Minnesota",45.1234,-93.0455,6.4,2.6,136.8,277,109373,FALSE
"318",20,20,20,20,1.5,"PARLEY","USA","Minnesota",44.8799,-93.7274,6.1,4.6,113.7,283,1042160,FALSE
"323",26,26,26,26,1.5,"POWDERHORN","USA","Minnesota",44.9409,-93.2562,6.1,NA,4.5,251,NA,FALSE
"348",25,25,25,25,1.5,"LORING (S. BAY)","USA","Minnesota",44.9691,-93.2843,4.8768,NA,1.4,249,NA,FALSE
"350",36,36,34,34,1.5,"SILVER","USA","Minnesota",45.0281,-92.9861,5.5,2.5,27.5,303,1041043,FALSE
"360",18,18,18,18,1.5,"CROSBY","USA","Minnesota",44.9048,-93.1493,5.79,4.7,19.4,210,1042029,FALSE
"363",36,36,34,34,1.5,"COMO","USA","Minnesota",44.9799,-93.1411,4.9,3.4,28.5,269,1041458,FALSE
"369",26,26,16,16,1.5,"PIKE","USA","Minnesota",45.0678,-93.2082,4.9,3.2,14.6,265,1040719,FALSE
"370",27,27,27,27,1.5,"VALENTINE","USA","Minnesota",45.0587,-93.1652,4,3.5,24.1,268,1040768,FALSE
"97",13,13,12,12,1.5,"Vandalia","USA","Missouri",39.2375,-91.5389,4,NA,8.5,231,NA,FALSE
"246",26,24,24,22,1.5,"Chase Pond","USA","NH",43.4153,-71.9123,3.4,NA,15.8,213,NA,FALSE
"249",24,22,22,20,1.5,"Crystal   ","USA","NH",42.9513,-71.4076,6.1,NA,8.5,63,NA,FALSE
"256",27,25,25,23,1.5,"Island Pond","USA","NH",43.0693,-72.0868,4.6,4.7,72.4,390,1049294,FALSE
"271",27,25,22,20,1.5,"Stocker Pond","USA","NH",43.4825,-72.1102,5.8,4.4,30.4,309,1048351,FALSE
"277",19,17,17,15,1.5,"Pine Island Pond","USA","NH",42.9329,-71.4489,4.6,3.6,21.9,58,1049643,FALSE
"278",19,17,18,16,1.5,"Stevens Pond","USA","NH",42.9954,-71.4212,5.2,2.8,6.1,95,NA,FALSE
"NHLAK600020902-01",23,23,21,21,1.5,"province","USA","New Hampshire",43.69438,-70.992574,4.9,2.8,390.784631214,147,110833,FALSE
"NHLAK600030403-03",19,19,17,17,1.5,"ivanhoe","USA","New Hampshire",43.6013114863014,-70.9868041506849,6.1,3.6,27.615367954,181,1048127,FALSE
"NHLAK600030601-05-01",24,23,21,21,1.5,"sunrise","USA","New Hampshire",43.4526,-71.0801,4.1,1.9,99.677399288,203,1048429,FALSE
"NHLAK600030602-01",26,26,19,19,1.5,"baxter","USA","New Hampshire",43.326583,-71.0431,4.6,2.1,121.96831354,125,111004,FALSE
"NHLAK600030802-03-01",17,17,11,11,1.5,"phillips pond","USA","New Hampshire",42.918884,-71.187874,5.8,3.1,38.318907968,64,1049677,FALSE
"NHLAK700010701-02-01",17,17,12,12,1.5,"kilton pond","USA","New Hampshire",43.582083,-71.977583,3.1,1.2,26.73760402,258,1048166,FALSE
"NHLAK700010701-05",21,20,19,19,1.5,"waukeena","USA","New Hampshire",43.518794,-71.895633,6.1,1.9,22.635706724,340,1048288,FALSE
"NHLAK700030101-03-01",29,29,22,22,1.5,"contoocook","USA","New Hampshire",42.795472,-72.007917,6.4,2.2,91.88597973,307,111185,FALSE
"NHLAK700030101-12",29,29,28,28,1.5,"pool pond","USA","New Hampshire",42.774194,-72.0364,4.1,2.4,57.042919816,307,1050040,FALSE
"NHLAK700030102-02",24,23,22,22,1.5,"frost pond","USA","New Hampshire",42.864969,-72.023619,3.7,2.1,25.010808858,332,104805,FALSE
"NHLAK700030103-02",13,12,13,12,1.5,"tolman pond","USA","New Hampshire",42.9755,-72.1037,3.9,5,15.91630038,447,1049529,FALSE
"NHLAK700030103-08",34,34,27,27,1.5,"skatutakee","USA","New Hampshire",42.936528,-72.070194,6.2,2.9,95.168792562,365,1049617,FALSE
"NHLAK700030105-01-01",13,13,12,12,1.5,"zephyr","USA","New Hampshire",42.9339,-71.855889,5.2,2.7,14.046246374,252,1049639,FALSE
"NHLAK700030107-02-01",22,22,18,18,1.5,"norway pond","USA","New Hampshire",42.97548,-71.98577,5.5,2.5,15.976598594,252,1049532,FALSE
"NHLAK700030201-02",28,28,23,23,1.5,"halfmoon pond","USA","New Hampshire",43.183058,-72.082828,5.8,2.6,30.342142222,440,1049026,FALSE
"NHLAK700030304-05",36,36,29,29,1.5,"tom pond","USA","New Hampshire",43.250806,-71.754528,4.1,2.5,12.991634658,118,1048879,FALSE
"NHLAK700030403-03",27,25,23,22,1.5,"cold pond","USA","New Hampshire",43.455,-71.849778,5.5,2.4,5.49563588,332,NA,FALSE
"NHLAK700060101-02-01",13,13,13,13,1.5,"sondogardy pond","USA","New Hampshire",43.3875,-71.61338,4.4,1.9,14.78924987,127,1048580,FALSE
"NHLAK700060201-05",14,14,10,10,1.5,"shellcamp pond","USA","New Hampshire",43.405725,-71.424119,4.9,1.6,60.746201402,253,1048534,FALSE
"NHLAK700060402-10-01",34,33,31,31,1.5,"lower suncook pond","USA","New Hampshire",43.374583,-71.272194,4.9,2.9,119.112849124,167,110994,FALSE
"NHLAK700060502-05",28,28,17,17,1.5,"harvey","USA","New Hampshire",43.215,-71.212889,6.1,3.1,47.01034919,187,1048946,FALSE
"NHLAK700060502-08-01",29,28,21,21,1.5,"northwood","USA","New Hampshire",43.212917,-71.251422,6.3,3.1,263.588583926,157,111042,FALSE
"NHLAK700060604-01",23,23,18,18,1.5,"pleasant pond","USA","New Hampshire",43.0305,-71.807278,6.4,3.2,80.079670366,248,1049398,FALSE
"NHLAK700060605-04-01",19,18,16,16,1.5,"haunted","USA","New Hampshire",42.9839,-71.762889,5.2,2.4,56.213313516,193,1049497,FALSE
"NHLAK700061206-02",18,18,10,10,1.5,"otternick pond","USA","New Hampshire",42.772194,-71.424194,3.7,1.9,16.208483672,50,NA,FALSE
"NHLAK801030101-01-01",11,11,11,11,1.5,"burns pond","USA","New Hampshire",44.355,-71.641389,6.1,2.9,51.640766402,310,1045431,FALSE
"NHLAK801030502-04",15,14,11,11,1.5,"round pond","USA","New Hampshire",44.291889,-71.909694,4.6,1.1,7.5271596,253,1045809,FALSE
"NHLAK801030505-04",30,29,26,26,1.5,"upper mountain","USA","New Hampshire",44.1193,-71.956389,5.4,2.5,9.494338246,239,1046409,FALSE
"NHLAK801040201-02",19,18,13,13,1.5,"katherine","USA","New Hampshire",43.9825,-71.979778,6.4,3.5,17.620433126,412,1046942,FALSE
"NHLAK801060402-03",36,36,27,27,1.5,"chalk pond","USA","New Hampshire",43.348417,-72.010167,3.6,2,9.50000385,383,NA,FALSE
"NHLAK801060402-08",22,21,15,15,1.5,"ledge pond","USA","New Hampshire",43.432,-72.0919,5.2,2.8,46.82824049,398,1048482,FALSE
"NHLAK801070203-01",26,25,20,20,1.5,"warren","USA","New Hampshire",43.1185,-72.286889,4.2,2.2,78.769297098,366,1049174,FALSE
"NHLAK802010201-04",12,12,12,12,1.5,"chapman pond","USA","New Hampshire",43.0282,-72.219583,5.2,2.2,10.391527108,406,NA,FALSE
"NHLAK802010303-10",25,24,16,16,1.5,"wilson pond","USA","New Hampshire",42.899596,-72.262059,4.8,1.4,29.24058693,145,1049728,FALSE
"NHLAK802020101-01",13,13,13,13,1.5,"pecker pond","USA","New Hampshire",42.715889,-71.964194,4.5,2.2,9.979152074,370,NA,FALSE
"NHLAK802020103-04",17,16,15,15,1.5,"emerson pond","USA","New Hampshire",42.764694,-71.989694,5.2,2.3,38.644275512,354,1050065,FALSE
"NHLAK802020103-08",30,30,25,25,1.5,"pearly","USA","New Hampshire",42.770122,-72.065253,5.4,2,77.324163392,305,1050052,FALSE
"aba108",19,13,13,13,1.5,"Squash","USA","New York",43.825567,-74.886135,5.8,1.4,3.3,635,NA,FALSE
"aba110",19,13,12,12,1.5,"West","USA","New York",43.81189,-74.88296,5.2,1.5,10.4,581,1047601,FALSE
"aba113",19,13,13,13,1.5,"Windfall","USA","New York",43.805535,-74.828742,6.1,3.2,2.4,591,NA,FALSE
"aba88",19,13,13,13,1.5,"Carry","USA","New York",43.682037,-74.488558,4.6,2.2,2.8,652,NA,FALSE
"aba89",19,18,18,18,1.5,"Cascade","USA","New York",43.789104,-74.812042,6.1,4.2,40.4,557,1047665,FALSE
"aba90",19,13,13,13,1.5,"Constable","USA","New York",43.833908,-74.796819,4,2.1,20.6,580,1047533,FALSE
"aba93",19,13,13,13,1.5,"Grass","USA","New York",43.693004,-75.060844,5.2,1.5,5.3,549,NA,FALSE
"aba97",19,13,13,13,1.5,"Long","USA","New York",43.837458,-74.479838,4,2,1.7,574,NA,FALSE
"aba99",19,13,13,13,1.5,"Middle Branch","USA","New York",43.699117,-75.100869,5.2,2.1,17,496,1047898,FALSE
"WI-143123",41,41,15,15,1.5,"Fox Lake","USA","Wisconsin",43.5844402,-88.9341748,5.7912,2.1336,1098.02643008,272,9057,FALSE
"WI-143274",16,15,11,10,1.5,"Lake Emily","USA","Wisconsin",43.6277695,-88.9697283,3.048,3.5,108.54892578,288,110871,FALSE
"WI-333254",17,17,10,10,1.5,"Yellowstone Lake","USA","Wisconsin",42.75806,-89.96,4.2672,2.4384,183.46035124,268,111205,FALSE
"WI-343126",37,36,15,14,1.5,"Rolling Stone Lake","USA","Wisconsin",45.4380517,-88.9494501,3.6576,4.9,276.05250804,467,108938,FALSE
"WI-443187",21,18,17,14,1.5,"Bear Lake","USA","Wisconsin",45.765923,-89.7985,6.096,2.4384,119.4633072,477,108491,FALSE
"WI-493080",15,15,10,10,1.5,"Long Trade Lake","USA","Wisconsin",45.6241625,-92.6008427,3.9624,2.4384,60.90119614,296,1036122,FALSE
"WI-493103",30,30,16,16,1.5,"Loveless Lake","USA","Wisconsin",45.4394429,-92.4950083,6.096,4.572,53.216209,338,1037610,FALSE
"WI-513088",29,29,13,13,1.5,"Musser Flowage","USA","Wisconsin",45.7416629,-90.2827802,4.572,1.524,203.7391667,454,108519,FALSE
"WI-513095",21,21,13,13,1.5,"Pike Lake","USA","Wisconsin",45.904437,-90.0661119,5.1816,3.3528,299.72663904,472,1033694,FALSE
"WI-513133",20,20,14,14,1.5,"Turner Lake","USA","Wisconsin",45.9097201,-90.0486216,3.6576,2.4384,64.16701216,472,NA,FALSE
"392",16,16,0,0,2,"Greers Ferry Lake near Heber Springs","USA","Arkansas",35.5209,-91.9951,148,29.6,16389.8,94,811,TRUE
"16",30,30,0,0,2,"Kezar Lake - Lower Bay","USA","Maine",44.1577,-70.9275,49,2.5,1078,113,9017,TRUE
"367",39,39,0,0,2,"North Long","USA","Minnesota",45.0724,-93.1992,29.6,4,NA,264,1040600,TRUE
"368",40,40,0,0,2,"South Long","USA","Minnesota",45.0724,-93.1992,14.3,4,NA,264,1040600,TRUE
"418",30,30,1,1,2,"Lincoln","USA","Missouri",39.0203,-90.9217,21.03,3.9,12.8,172,1057183,TRUE
"419",26,26,1,1,2,"Kraut Run","USA","Missouri",38.7353,-90.7619,6.71,4.1,58.6,152,1057503,TRUE
"420",31,31,8,8,2,"Wapapello","USA","Missouri",36.9311,-90.2806,12.8,58.8,3251.9,127,9294,TRUE
"421",34,34,0,0,2,"Long Branch","USA","Missouri",39.7514,-92.515,21.64,14.8,985.4,252,112223,TRUE
"422",31,31,0,0,2,"Deer Ridge","USA","Missouri",40.1803,-91.8269,11.58,3.2,17.1,198,1055822,TRUE
"423",28,28,0,0,2,"North","USA","Missouri",38.6861,-94.3583,8.53,2.8,15.3,286,1057539,TRUE
"424",28,28,0,0,2,"Watkins Mill","USA","Missouri",39.3933,-94.2631,15.85,3.9,43.9,273,1056724,TRUE
"425",28,28,0,0,2,"Atkinson","USA","Missouri",38.0064,-94.0461,8.53,3.4,194.6,220,112557,TRUE
"426",32,32,0,0,2,"Pomme De Terre","USA","Missouri",37.9017,-93.32,47.24,26.2,3765.8,270,9268,TRUE
"427",29,29,1,1,2,"Fellows","USA","Missouri",37.3153,-93.23,30.48,16.4,286.4,383,112679,TRUE
"428",31,31,0,0,2,"Little Prairie","USA","Missouri",37.9969,-91.6917,14.63,4,38.9,305,1058375,TRUE
"429",31,31,4,4,2,"Henry Sever","USA","Missouri",40.0058,-91.975,12.5,3,56.7,201,1056018,TRUE
"430",35,35,0,0,2,"Little Dixie","USA","Missouri",38.9056,-92.1222,12.8,4.5,78.5,255,1057331,TRUE
"431",30,30,0,0,2,"Higginsville","USA","Missouri",39.0617,-93.67,10.36,3.5,71.6,230,1057132,TRUE
"432",29,29,2,2,2,"Mark Twain","USA","Missouri",39.5223,-91.6467,34.14,39,7496.4,185,9209,TRUE
"433",32,32,0,0,2,"Lake of the Ozarks","USA","Missouri",38.2039,-92.6236,45.11,18.8,20774.4,176,797,TRUE
"434",18,18,0,0,2,"Nowaday County","USA","Missouri",40.4264,-94.8578,16.76,3.2,29.5,330,1055604,TRUE
"435",18,18,0,0,2,"Mozingo","USA","Missouri",40.3495,-94.7776,23.47,5.5,408.3,308,112102,TRUE
"436",17,17,0,0,2,"Fox Valley","USA","Missouri",40.4977,-91.7668,15.85,3.7,43.7,190,1055538,TRUE
"437",17,17,0,0,2,"Hazel Hill","USA","Missouri",38.8458,-93.7779,11.58,3.2,28.7,223,1057396,TRUE
"438",17,17,0,0,2,"Manito","USA","Missouri",38.5911,-92.8072,13.11,3.2,31.2,261,1057625,TRUE
"439",17,17,2,2,2,"Bismark/Carl Disalvo","USA","Missouri",37.7297,-90.6347,7.32,4.5,86.6,310,1058652,TRUE
"81",19,19,2,2,2,"Binder","USA","Missouri",38.6019,-92.3008,15,5,58.8,195,1057619,TRUE
"86",27,27,5,5,2,"Clearwater","USA","Missouri",37.1339,-90.7722,20,73.7,878.6,154,112722,TRUE
"87",27,27,6,6,2,"Council Bluff","USA","Missouri",37.735,-90.9116,21,10.3,172.4,331,112606,TRUE
"95",27,25,9,7,2,"Table Rock","USA","Missouri",36.595,-93.3108,30,36.2,12105.4,283,804,TRUE
"98",26,26,8,8,2,"Viking","USA","Missouri",39.9377,-94.0569,18,17.4,207.3,263,112187,TRUE
"251",22,22,0,0,2,"Forest","USA","NH",44.3494,-71.6709,9.1,5.3,34.4,338,1045491,TRUE
"78",29,29,4,4,2,"Sunapee 200","USA","New Hampshire",43.4039,-72.0438,33.7,3.2,1673.8,333,9068,TRUE
"NHLAK600030802-04",12,10,9,9,2,"showell pond","USA","New Hampshire",42.907561,-71.176191,7.2,3.1,8.09574343,70,NA,TRUE
"NHLAK700030403-02",10,10,7,7,2,"bradley","USA","New Hampshire",43.411389,-71.8265,20.1,6.1,66.527140912,250,1048514,TRUE
"NHLAK700060501-03",13,12,8,8,2,"wild goose pond","USA","New Hampshire",43.2834,-71.243778,6.8,3.1,47.739593362,191,1048814,TRUE
"NHLAK700060502-07",11,10,9,9,2,"long pond","USA","New Hampshire",43.242278,-71.237889,14.7,6.4,36.315712268,177,1048892,TRUE
"NHLAK700061102-03-01",22,21,7,7,2,"captain pond","USA","New Hampshire",42.808278,-71.172778,8.6,2.2,34.989556246,49,1049939,TRUE
"NHLAK801060103-01",31,16,6,6,2,"goose pond","USA","New Hampshire",43.697089,-72.092017,10.1,5.2,252.110879594,248,110837,TRUE
"NHLAK802010101-05",20,20,7,7,2,"may pond","USA","New Hampshire",43.229194,-72.1063,7.6,2.4,61.425669196,489,1048916,TRUE
"8",24,24,1,1,2,"Cannonsville Reservoir","USA","New York",42.0661,-75.3748,44.7,34.1,1907.2,350,9131,TRUE
"aba25",27,12,24,9,2,"Giles","USA","Pennsylvania",41.376157,-75.092916,24,10,48.1,428,1054140,TRUE
"aba26",27,11,24,9,2,"Lacawac","USA","Pennsylvania",41.381964,-75.292494,13,5,21.4,436,NA,TRUE
"307",16,10,14,8,2,"FDR Reservoir","USA","Washington",47.8324,-118.4076,114,23.8,32012.3,391,724,TRUE
"36",19,19,0,0,2,"Lake Wingra","USA","Wisconsin",43.0534,-89.4182,6.7,3.1,139.6,260,111106,TRUE
"WI-133122",31,29,7,5,2,"Lake Kegonsa","USA","Wisconsin",42.96416,-89.24417,9.7536,5.1816,1295.16516812,256,9091,TRUE
"WI-133125",29,29,3,3,2,"Lake Waubesa","USA","Wisconsin",43.0094399,-89.3190955,11.5824,4.8768,839.521107,264,111115,TRUE
"WI-163125",23,20,9,6,2,"Lake Minnesuing","USA","Wisconsin",46.467,-91.74458,13.1064,5.4864,182.20177778,340,107245,TRUE
"WI-173121",16,16,0,0,2,"Lake Menomin","USA","Wisconsin",44.8866633,-91.9208414,10.3632,8,408.18248704,247,109686,TRUE
"WI-173214",20,20,0,0,2,"Tainter Lake","USA","Wisconsin",44.9888799,-91.8361152,11.2776,4.2672,649.35106188,264,109551,TRUE
"WI-173215",30,30,0,0,2,"Tainter Lake","USA","Wisconsin",44.9822144,-91.8602809,11.2776,4.2672,649.35106188,264,109551,TRUE
"WI-173216",18,18,8,8,2,"Tainter Lake","USA","Wisconsin",44.9536034,-91.8916714,11.2776,4.2672,649.35106188,264,109607,TRUE
"WI-193006",28,15,12,4,2,"Keyes Lake","USA","Wisconsin",45.8938844,-88.3063905,22.5552,4.9,78.83687966,388,1033525,TRUE
"WI-193012",30,24,11,8,2,"Patten Lake","USA","Wisconsin",45.8530485,-88.4175023,15.8496,5.4864,102.790244,412,1034018,TRUE
"WI-193027",26,15,9,4,2,"Lost Lake","USA","Wisconsin",45.880833,-88.55806,13.716,5.1816,33.87626506,453,1033731,TRUE
"WI-213137",28,17,17,8,2,"Butternut Lake","USA","Wisconsin",45.9155535,-88.982784,12.8016,7.3,504.37634924,515,108253,TRUE
"WI-243021",29,26,0,0,2,"Green Lake","USA","Wisconsin",43.819996,-88.975845,71.9328,31.6992,3205.11716686,242,9039,TRUE
"WI-243049",25,23,0,0,2,"Green Lake","USA","Wisconsin",43.79861,-89.04,71.9328,31.6992,3205.11716686,242,9039,TRUE
"WI-263056",12,11,2,2,2,"Pardee Lake","USA","Wisconsin",46.2788802,-89.9319465,8.2296,4.1,83.74167398,499,1029136,TRUE
"WI-263059",23,20,12,9,2,"Turtle Flambeau Flowage","USA","Wisconsin",46.082719,-90.174451,15.24,4.9,5237.55547722,479,8731,TRUE
"WI-263160",20,14,9,6,2,"Spider Lake","USA","Wisconsin",46.211723,-90.027,14.9352,5.1816,145.15277448,487,107712,TRUE
"WI-283122",36,32,12,9,2,"Lake Ripley","USA","Wisconsin",43.0016598,-88.9930614,13.4112,5.4864,169.765777,254,111119,TRUE
"WI-363036",22,21,5,4,2,"Carstens Lake","USA","Wisconsin",44.0258314,-87.7633403,8.5344,3.6576,9.04068524,226,NA,TRUE
"WI-363310",32,32,8,8,2,"Long Lake","USA","Wisconsin",44.1368835,-88.0395562,11.5824,3.3,48.1778683,254,1046354,TRUE
"WI-433120",19,10,0,0,2,"Archibald Lake","USA","Wisconsin",45.2813802,-88.5913924,15.24,5.7912,158.6773806,391,109149,TRUE
"WI-443053",27,11,14,3,2,"Alva Lake","USA","Wisconsin",45.709995,-89.59168,13.1064,5.2,80.5729826,484,1035478,TRUE
"WI-443100",27,12,9,2,2,"Franklin Lake","USA","Wisconsin",45.8697197,-89.8611201,7.62,3.8,64.40982376,478,1033790,TRUE
"WI-443123",30,21,6,0,2,"Crescent Lake","USA","Wisconsin",45.6124654,-89.5226693,9.7536,5.1816,249.29466972,478,NA,TRUE
"WI-443134",34,30,10,8,2,"Minocqua Lake","USA","Wisconsin",45.872494,-89.69223,18.288,7.0104,542.04856898,483,1083232,TRUE
"WI-443147",29,14,13,0,2,"Two Sisters Lake","USA","Wisconsin",45.77121,-89.518654,19.2024,9.144,291.00160888,481,108482,TRUE
"WI-443210",17,13,12,8,2,"Long Lake","USA","Wisconsin",45.869164,-89.14667,9.4488,3.9624,244.53556236,495,8772,TRUE
"WI-503139",21,18,10,9,2,"Collins Lake","USA","Wisconsin",44.6005536,-89.3405579,17.0688,6.4008,17.37316998,347,1044290,TRUE
"WI-503140",20,12,10,6,2,"Lake Emily","USA","Wisconsin",44.471107,-89.334724,10.668,4.8768,43.51588558,330,1044973,TRUE
"WI-563056",34,34,4,4,2,"Apple Lake","USA","Wisconsin",45.1869376,-92.6150084,9.7536,3.9624,44.49927256,286,1039918,TRUE
"WI-573060",28,19,14,6,2,"Dutch Hollow Lake","USA","Wisconsin",43.60083,-90.190002,11.5824,5.2,69.605992,298,1048108,TRUE
"WI-583067",21,21,0,0,2,"Lac Courte Oreilles","USA","Wisconsin",45.8904,-91.4406,27.432,10.3632,2079.85536898,390,NA,TRUE
"WI-583086",20,18,10,9,2,"Moose Lake","USA","Wisconsin",46.0286078,-91.0713994,6.4008,2.4384,630.89738028,418,108066,TRUE
"WI-583088",23,16,13,8,2,"Whitefish Lake","USA","Wisconsin",45.8636048,-91.4461213,32.004,13.716,323.57478502,391,108312,TRUE
"WI-583204",17,12,13,9,2,"Connors Lake","USA","Wisconsin",45.75138,-90.73722,24.9936,11.5824,165.92530686,423,108496,TRUE
"WI-593002",13,11,0,0,2,"Loon Lake","USA","Wisconsin",44.8358312,-88.5102879,6.7056,2.7432,132.15830702,245,109740,TRUE
"WI-593043",31,22,13,6,2,"Pine Lake","USA","Wisconsin",44.690572,-88.657476,10.668,2.4384,87.86947118,244,109954,TRUE
"WI-593045",20,13,10,6,2,"Round Lake","USA","Wisconsin",44.6916594,-88.6761228,11.8872,7.9248,10.9467563,243,NA,TRUE
"WI-593076",28,19,10,5,2,"Big Lake","USA","Wisconsin",44.927775,-88.7683344,11.5824,2.8,25.4547494,294,1041827,TRUE
"WI-603312",25,22,6,6,2,"Random Lake","USA","Wisconsin",43.5499961,-87.9547277,6.76656,1.8288,85.68821364,264,1048227,TRUE
"WI-643066",13,10,8,6,2,"Gunlock Lake","USA","Wisconsin",45.916656,-89.81667,7.9248,3.6576,106.76426052,480,108266,TRUE
"WI-643080",19,12,10,7,2,"Long Lake","USA","Wisconsin",46.0711105,-89.0191759,26.8224,9.144,358.48299938,517,108034,TRUE
"WI-643088",25,12,0,0,2,"Moon Lake","USA","Wisconsin",45.917774,-89.43473,11.5824,5.1816,52.82366358,492,1033252,TRUE
"WI-643125",22,19,4,1,2,"Big Sand Lake","USA","Wisconsin",46.063866,-88.97474,17.0688,4.8768,577.67307756,518,108026,TRUE
"WI-643273",17,13,8,5,2,"Wildcat Lake","USA","Wisconsin",46.1744423,-89.6191795,11.5824,3.6576,118.60132602,505,107786,TRUE
"WI-643401",31,21,13,5,2,"Anvil Lake","USA","Wisconsin",45.943886,-89.0625,9.7536,5.7912,152.55043456,515,108196,TRUE
"WI-653121",22,16,12,7,2,"Lake Beulah","USA","Wisconsin",42.81128,-88.4047,17.6784,5.1816,328.6252663,247,NA,TRUE
"WI-653125",20,15,13,9,2,"Mill Lake","USA","Wisconsin",42.764942,-88.566284,12.192,7.1,109.669906,269,111200,TRUE
"WI-653217",29,19,16,8,2,"Pleasant Lake","USA","Wisconsin",42.7883246,-88.5525065,8.8392,3.6576,58.75231348,268,1050000,TRUE
"WI-663045",19,15,12,8,2,"Balsam Lake","USA","Wisconsin",45.6519392,-91.5827778,14.9352,7.62,131.67673068,359,1036033,TRUE
"WI-673208",30,26,13,9,2,"Green Lake","USA","Wisconsin",43.4594439,-88.1036163,11.2776,5.1816,28.19042676,265,1048416,TRUE
"WI-683123",21,15,11,7,2,"Golden Lake","USA","Wisconsin",43.0333301,-88.5352834,13.4112,3.3,116.4281622,259,1049391,TRUE
"WI-683201",20,10,13,3,2,"Pine Lake","USA","Wisconsin",43.1186045,-88.3847257,25.908,11.8872,287.54154358,274,111085,TRUE
"WI-683256",25,10,12,4,2,"Upper Nemahbin Lake","USA","Wisconsin",43.0658251,-88.4311119,18.288,3.6,112.0373191,266,111104,TRUE
"WI-683325",22,15,12,6,2,"Pretty Lake","USA","Wisconsin",42.956106,-88.4972237,9.4488,2.2,26.23984024,263,1049573,TRUE
"WI-713244",30,30,0,0,2,"Lake Winnebago","USA","Wisconsin",43.8313874,-88.4316784,6.4008,6.4,53393.7649825,227,762,TRUE
"331",13,13,0,0,2.5,"HYLAND","USA","Minnesota",44.8243,-93.3678,2.4,3.7,42,248,1042750,FALSE
"338",17,17,0,0,2.5,"DIAMOND","USA","Minnesota",45.2014,-93.5053,2.1,2.5,165.1,271,109248,FALSE
"352",39,39,0,0,2.5,"KOHLMAN","USA","Minnesota",45.0246,-93.058,2.7,2.8,29.1,263,1041065,FALSE
"354",37,37,0,0,2.5,"KELLER (MAIN)","USA","Minnesota",45.01,-93.0609,2.4,3.4,27.7,263,1041248,FALSE
"355",33,33,0,0,2.5,"WAKEFIELD","USA","Minnesota",44.9948,-93.0356,2.7432,NA,9.3,271,NA,FALSE
"356",36,36,0,0,2.5,"ROUND","USA","Minnesota",44.9939,-93.0625,2.4,NA,12.1,263,NA,FALSE
"358",36,36,0,0,2.5,"BEAVER","USA","Minnesota",44.9733,-93.0052,2.1,3.4,34,291,1041528,FALSE
"361",33,33,0,0,2.5,"BENNETT","USA","Minnesota",45.0191,-93.1436,2.4384,NA,16.6,272,NA,FALSE
"372",33,33,0,0,2.5,"ISLAND (BASIN S. OF I-694)","USA","Minnesota",45.0532,-93.1365,1.5,1.9,NA,289,1040823,FALSE
"373",31,31,0,0,2.5,"ISLAND (BASIN N. OF I-694)","USA","Minnesota",45.058,-93.1341,1.5,NA,NA,290,NA,FALSE
"377",17,17,0,0,2.5,"CLEARY","USA","Minnesota",44.6931,-93.3907,2.7432,2.7,55.4,285,1043737,FALSE
"243",25,25,0,0,2.5,"Ashuelot Pond","USA","NH",43.1498,-72.1488,2.4,6.4,149,439,111058,FALSE
"245",25,25,0,0,2.5,"Canaan Street","USA","NH",43.6642,-72.0339,3,5.5,118,349,1047973,FALSE
"250",26,26,0,0,2.5,"Dutchman Pond","USA","NH",43.4547,-72.0234,3,1.9,12.1,475,NA,FALSE
"265",25,25,0,0,2.5,"Perkins Pond","USA","NH",43.4095,-72.1165,2.7,5.9,63.5,330,1048538,FALSE
"276",18,18,0,0,2.5,"Dorrs Pond","USA","NH",43.0142,-71.4548,2.7,1.3,9.3,89,NA,FALSE
"NHIMP700030204-05-01",14,13,0,0,2.5,"beards brook - east washington dam","USA","New Hampshire",43.19023,-72.0193,1.9,0.6,1.417210372,286,NA,FALSE
"NHIMP700060402-02",12,12,0,0,2.5,"webster stream - locke","USA","New Hampshire",43.38203,-71.24584,3,0.9,60.044071192,195,1048595,FALSE
"NHLAK600030703-01",28,28,0,0,2.5,"governors","USA","New Hampshire",43.0559,-71.1852,3,1.9,24.415111066,84,1049332,FALSE
"NHLAK700010701-03",11,11,9,9,2.5,"orange pond","USA","New Hampshire",43.623,-71.952778,6.2,2.5,9.817277674,426,NA,FALSE
"NHLAK700040402-01",24,24,0,0,2.5,"flints pond","USA","New Hampshire",42.748889,-71.548861,2.7,1.5,20.217707874,59,1050105,FALSE
"NHLAK700060201-03",21,21,0,0,2.5,"new pond","USA","New Hampshire",43.4013,-71.479583,3,1.4,12.484158414,250,NA,FALSE
"NHLAK700060301-01",22,21,0,0,2.5,"turee pond","USA","New Hampshire",43.1566,-71.553889,3,1.9,20.165908066,99,1049088,FALSE
"NHLAK700060901-03",21,20,0,0,2.5,"pratt pond","USA","New Hampshire",42.741694,-71.906194,2.7,2.1,13.960452942,380,1050130,FALSE
"NHLAK801030502-01",15,14,0,0,2.5,"dodge pond","USA","New Hampshire",44.280194,-71.923278,3,1.8,22.054577628,254,1045809,FALSE
"NHLAK801030506-01",13,12,4,4,2.5,"gardner","USA","New Hampshire",44.1634,-72.009,4.7,2.6,10.034998742,200,NA,FALSE
"NHLAK801060102-03",13,13,1,1,2.5,"spectacle pond","USA","New Hampshire",43.600878,-72.031177,5.5,3,38.442337198,365,1048115,FALSE
"NHLAK802010202-06",12,10,11,9,2.5,"howe reservoir","USA","New Hampshire",42.926,-72.1284,4.7,2.5,67.921284182,391,1049661,FALSE
"NHLAK802010202-07",19,18,0,0,2.5,"russell reservoir","USA","New Hampshire",42.928389,-72.1449,4.7,1.6,10.684924458,358,NA,FALSE
"aba104",19,13,0,0,2.5,"Raquette","USA","New York",43.794924,-74.651303,3,1.6,1.5,564,NA,FALSE
"aba111",19,13,0,0,2.5,"Willis","USA","New York",43.369628,-74.243171,2.7,1.6,14.6,400,1048614,FALSE
"39",24,24,0,0,2.5,"Irvine","USA","North Dakota",48.3059,-99.1725,2.4,1,1191,441,8358,FALSE
"139",17,17,0,0,2.5,"School Section","USA","Wisconsin",42.9842,-88.5033,2.44,3.3,49.4,260,1049506,FALSE
"28",30,30,0,0,2.5,"Crystal Bog","USA","Wisconsin",46.0076,-89.6063,2.5,NA,0.5,503,NA,FALSE
"WI-133320",22,22,4,4,2.5,"Lake Wingra","USA","Wisconsin",43.0525961,-89.4249394,4.2672,3.1,136.08376122,254,111106,FALSE
"WI-194004",16,10,15,9,2.5,"Porcupine Lake","USA","Wisconsin",45.934692,-88.5936,6.096,3.6,14.57678972,471,1033122,FALSE
"WI-213040",26,23,7,7,2.5,"Van Zile Lake","USA","Wisconsin",45.7213803,-88.6752871,5.1816,2.7432,31.66263264,473,1035299,FALSE
"WI-213186",15,13,2,1,2.5,"Bear Lake","USA","Wisconsin",45.51083,-88.52611,6.096,3.5,26.84282238,420,1037100,FALSE
"WI-373416",21,16,10,8,2.5,"Big Bass Lake","USA","Wisconsin",44.7227753,-89.4336219,3.9624,1.524,71.60109398,355,1043532,FALSE
"WI-423126",20,20,0,0,2.5,"Lake Tomah","USA","Wisconsin",43.979027,-90.52067,5.7912,1.2192,99.34636614,293,1046925,FALSE
"WI-433247",32,21,14,6,2.5,"Bear Paw Lake","USA","Wisconsin",45.1816589,-88.3941741,6.096,3.9,19.2023507,282,1039871,FALSE
"WI-543247",29,29,9,9,2.5,"Clear Lake","USA","Wisconsin",42.7994393,-88.979728,3.6576,4.1,31.32674326,247,1049966,FALSE
"WI-563121",21,21,0,0,2.5,"Mallalieu Lake","USA","Wisconsin",44.9883248,-92.7623653,5.1816,1.524,116.98662888,212,1041358,FALSE
"WI-643047",22,11,13,4,2.5,"Alma Lake","USA","Wisconsin",45.9077729,-89.4272237,5.4864,3.3528,23.36252278,492,1033375,FALSE
"WI-643137",31,30,9,9,2.5,"Muskellunge Lake","USA","Wisconsin",45.9491626,-89.3783349,5.7912,2.7432,109.21261082,495,108184,FALSE
"WI-663101",27,22,13,9,2.5,"Lower McKenzie Lake","USA","Wisconsin",45.983883,-92.02167,5.1816,2.7432,83.53123726,298,1032546,FALSE
"WI-683202",19,13,9,5,2.5,"Ottawa Lake","USA","Wisconsin",42.9386038,-88.4811159,4.8768,2.1336,6.87156828,261,1049623,FALSE
"WI-683260",21,17,1,0,2.5,"Lower Phantom Lake","USA","Wisconsin",42.856808,-88.33983,3.6576,1.2192,150.95597172,239,111169,FALSE
"WI-693084",29,26,0,0,2.5,"Silver Lake","USA","Wisconsin",44.4649963,-89.1408424,5.1816,2.1336,28.6315345,288,1045000,FALSE
"140",21,0,21,0,3,"Emerald","USA","California",36.5969,-118.675,10,NA,2.9,2804,NA,TRUE
"441",54,0,47,0,3,"Castle","USA","California",41.2275,-122.3836,34,8.5,19,1646,1054467,TRUE
"395",12,0,12,0,3,"Arrowrock Reservoir","USA","Idaho",43.5919,-115.9167,36.8808,40.1,1254.5,980,110899,TRUE
"141",19,0,19,0,3,"Pushaw","USA","Maine",44.9363,-68.7993,8.54,4.1,1894.7,35,8902,TRUE
"144",40,0,40,0,3,"Little Pennesseewassee (Hobbs Pond)","USA","Maine",44.2243,-70.6165,9.45,5.4,40.5,165,1046014,TRUE
"146",31,0,31,0,3,"Madawaska","USA","Maine",47.0254,-68.2179,11.59,8.4,635.2,176,106359,TRUE
"147",39,0,39,0,3,"Sebasticook","USA","Maine",44.8581,-69.238,15.24,1,1836.8,60,8931,TRUE
"149",24,0,24,0,3,"Granger Pond","USA","Maine",43.9553,-70.7867,8.54,6,50.6,160,1047060,TRUE
"153",36,0,36,0,3,"Moose Pond","USA","Maine",44.0417,-70.796,21.34,10.9,687,128,110604,TRUE
"154",23,0,23,0,3,"Perley Pond","USA","Maine",43.9672,-70.7463,8.23,4.7,27.5,159,1047005,TRUE
"155",27,0,27,0,3,"Ingalls (Fosters) Pond","USA","Maine",43.966,-70.6864,8.54,6.2,60.3,142,1046985,TRUE
"157",20,0,20,0,3,"Back Pond Kezar (Five Kezar Ponds)","USA","Maine",44.2099,-70.8138,9.76,5.5,21.9,176,1046103,TRUE
"158",20,0,20,0,3,"Middle Pond (Five Kezar Ponds)","USA","Maine",44.2075,-70.8104,14.94,5.5,37.2,175,1046103,TRUE
"168",29,0,29,0,3,"Keoka","USA","Maine",44.1799,-70.7064,12.8,7.7,186.2,153,110493,TRUE
"171",19,0,19,0,3,"Mud Pond 5 Kezars (Five Kezar Ponds)","USA","Maine",44.2051,-70.8083,10.67,5.5,15.8,174,1046103,TRUE
"172",29,0,29,0,3,"Moose Pond","USA","Maine",44.1372,-70.7406,13.11,6.6,78.9,169,1046341,TRUE
"173",40,0,40,0,3,"Sand Pond","USA","Maine",44.201,-70.611,17.07,6.9,55.1,156,1046128,TRUE
"174",40,0,40,0,3,"Pennesseewassee (Norway) ","USA","Maine",44.2303,-70.5829,14.63,10,399.6,119,110464,TRUE
"175",30,0,30,0,3,"Thompson Lake (The Heath)","USA","Maine",44.0691,-70.4901,36.89,18.5,1789.1,95,9018,TRUE
"177",29,0,29,0,3,"Crystal (Anonymous) ","USA","Maine",44.1261,-70.6724,19.82,9.4,180.6,90,110536,TRUE
"178",35,0,35,0,3,"Highland ","USA","Maine",44.0799,-70.7384,15.24,11,540.1,134,110580,TRUE
"179",28,0,28,0,3,"Woods Pond","USA","Maine",44.0334,-70.736,8.84,8.2,187,139,110603,TRUE
"182",26,0,26,0,3,"Ellis (Roxbury; Silver) Pond","USA","Maine",44.659,-70.6758,13.11,3,372.1,248,109990,TRUE
"183",14,0,14,0,3,"Round Pond","USA","Maine",44.9981,-70.718,15.24,4.9,54.3,472,1041319,TRUE
"184",26,0,26,0,3,"Haley Pond","USA","Maine",44.9692,-70.6339,7.01,4.6,66.4,465,1041571,TRUE
"186",19,0,19,0,3,"Lake Anasagunticook (Canton Lake)","USA","Maine",44.4256,-70.3239,16.46,9,242.1,123,110227,TRUE
"187",25,0,25,0,3,"North Pond","USA","Maine",44.328,-70.4003,15.24,5.6,63.2,158,1045580,TRUE
"188",22,0,22,0,3,"Big Bear & Little Bear Pond","USA","Maine",44.3389,-70.2782,8.54,7.4,176.9,113,110320,TRUE
"189",22,0,22,0,3,"Upper Range Pond","USA","Maine",44.0053,-70.3989,11.59,8.2,144.5,93,110585,TRUE
"190",22,0,22,0,3,"Panther Pond","USA","Maine",43.9282,-70.4648,20.73,10.3,573.7,85,110696,TRUE
"191",26,0,26,0,3,"Forest Lake (Goose Pond)","USA","Maine",43.8211,-70.3301,11.59,4.9,85.4,84,1047580,TRUE
"192",24,0,24,0,3,"Little Sebago ","USA","Maine",43.8721,-70.4187,15.85,8.4,813.4,86,110740,TRUE
"193",21,0,21,0,3,"Highland (Duck) ","USA","Maine",43.7736,-70.3568,20.43,7.1,259.1,58,110797,TRUE
"194",26,0,26,0,3,"Auburn ","USA","Maine",44.1448,-70.2533,35.98,4.7,921.9,80,110510,TRUE
"195",40,0,40,0,3,"Taylor Pond","USA","Maine",44.1069,-70.2792,13.41,8.2,264.4,72,110547,TRUE
"196",30,0,30,0,3,"Middle Range Pond","USA","Maine",44.0266,-70.3795,20.12,8.2,154.7,93,110585,TRUE
"197",18,0,18,0,3,"Little Wilson (French; Ramsdell) Pond","USA","Maine",44.2044,-70.2879,17.07,6.7,45.3,89,1046118,TRUE
"199",38,0,38,0,3,"Cochnewagon Pond","USA","Maine",44.2314,-70.0444,8.54,6.9,159.5,81,110443,TRUE
"200",24,0,24,0,3,"Pleasant Pond","USA","Maine",44.3189,-70.2255,20.73,5.6,77.3,116,1045664,TRUE
"201",31,0,31,0,3,"Berry Pond","USA","Maine",44.3337,-70.024,7.62,6.2,70.9,73,110359,TRUE
"202",31,0,31,0,3,"Dexter Pond","USA","Maine",44.3194,-70.0306,7.62,6.2,45.7,75,110359,TRUE
"204",24,0,24,0,3,"Androscoggin ","USA","Maine",44.3242,-70.085,11.59,11.5,1627.5,82,9001,TRUE
"205",36,0,36,0,3,"Mousam ","USA","Maine",43.5075,-70.8588,29.88,18.2,397.6,146,110947,TRUE
"206",25,0,25,0,3,"Square Pond","USA","Maine",43.5571,-70.8862,13.41,8.1,355.1,158,110924,TRUE
"207",23,0,23,0,3,"Mountainy Pond","USA","Maine",44.7166,-68.5342,10.37,10.2,282.6,80,109932,TRUE
"208",22,0,22,0,3,"Witch Hole Pond","USA","Maine",44.3999,-68.2431,9.45,3.7,9.7,56,NA,TRUE
"209",25,0,25,0,3,"Upper Hadlock Pond","USA","Maine",44.3216,-68.2874,11.28,4.3,15.4,71,NA,TRUE
"210",26,0,26,0,3,"Echo ","USA","Maine",44.3289,-68.3375,20.12,8.1,95.5,28,1045531,TRUE
"211",24,0,24,0,3,"Seal Cove Pond","USA","Maine",44.3022,-68.397,13.41,6.4,103.2,15,1045696,TRUE
"212",29,0,29,0,3,"Walker Pond","USA","Maine",44.3309,-68.6941,14.33,8.5,280.6,7,110319,TRUE
"214",25,0,25,0,3,"Little Ossipee ","USA","Maine",43.6113,-70.6992,22.56,6.4,225.5,93,110875,TRUE
"215",26,0,26,0,3,"Parker Pond","USA","Maine",44.4942,-70.0315,23.17,14.5,617,110,110197,TRUE
"216",40,0,40,0,3,"Cobbosseecontee ","USA","Maine",44.2694,-69.9296,30.49,4,2233.2,51,9007,TRUE
"217",29,0,29,0,3,"Sand Pond (Tacoma Lakes)","USA","Maine",44.1809,-69.9698,25,9.1,113,53,110471,TRUE
"218",30,0,30,0,3,"Woodbury (Purgatory) Pond (Tacoma Lakes)","USA","Maine",44.1988,-69.9518,18.9,9.1,207.7,53,110471,TRUE
"219",30,0,30,0,3,"Buker Pond (Tacoma Lakes)","USA","Maine",44.1677,-69.9804,8.54,9.1,31.6,53,110471,TRUE
"220",27,0,27,0,3,"Jimmy Pond","USA","Maine",44.1535,-69.9957,9.76,6,20.6,52,1046289,TRUE
"221",39,0,39,0,3,"Upper Pleasant (Mud) Pond","USA","Maine",44.1688,-69.8553,7.93,2.7,322.7,39,110460,TRUE
"224",32,0,32,0,3,"Torsey (Greeley) ","USA","Maine",44.4209,-69.9857,13.72,10.2,274.9,79,110263,TRUE
"225",32,0,32,0,3,"Carlton Pond","USA","Maine",44.3481,-69.9084,17.38,5.8,90.3,99,1045502,TRUE
"226",37,0,37,0,3,"Maranacook ","USA","Maine",44.3411,-69.9503,39.02,12.2,746.6,64,110363,TRUE
"227",13,0,13,0,3,"Kezar Pond","USA","Maine",44.3158,-69.9166,7.01,4,8.1,65,NA,TRUE
"229",31,0,31,0,3,"East Pond","USA","Maine",44.6103,-69.7822,8.23,9.1,695.1,78,110053,TRUE
"230",30,0,30,0,3,"Salmon Pond (Ellis Pond)","USA","Maine",44.5275,-69.7796,17.38,9.2,281.4,83,110139,TRUE
"231",30,0,30,0,3,"Damariscotta ","USA","Maine",44.1411,-69.4854,34.76,10,1897.2,16,9022,TRUE
"234",35,0,35,0,3,"China ","USA","Maine",44.4302,-69.5473,25.91,11.1,1594.7,58,8986,TRUE
"235",30,0,30,0,3,"Swan Lake (Goose Pond)","USA","Maine",44.5482,-68.9896,26.52,5.1,561.9,62,110134,TRUE
"238",36,0,36,0,3,"Long ","USA","Maine",44.0372,-70.6554,17.99,1,2143.7,81,9030,TRUE
"242",41,0,41,0,3,"Annabessacook ","USA","Maine",44.2697,-69.9801,14.94,6.9,572.9,51,110435,TRUE
"25",18,0,18,0,3,"Jordan Pond","USA","Maine",44.3327,-68.2552,45.7,9.5,75.7,84,1045611,TRUE
"37",25,0,24,0,3,"Bubble Pond","USA","Maine",44.345,-68.2391,11.9,8,12.9,101,1045490,TRUE
"38",27,0,27,0,3,"Eagle","USA","Maine",44.3628,-68.2506,33.6,9.9,176.8,84,110295,TRUE
"MIDAS-103",40,0,40,0,3,"Lower Narrows Pond","USA","Maine",44.29045444,-69.95223952,32.3088,9.4488,90.244978,52.4256,110390,TRUE
"MIDAS-1672",12,0,10,0,3,"Square Lake","USA","Maine",47.06316082,-68.35836765,37.1856,10.9728,3273.90974,175.8696,8557,TRUE
"MIDAS-1674",25,0,23,0,3,"Cross Lake","USA","Maine",47.11475686,-68.32491278,14.0208,6.096,999.57442,176.1744,106215,TRUE
"MIDAS-1682",18,0,16,0,3,"Long Lake","USA","Maine",47.20807564,-68.23899158,49.6824,14.6304,2771.694414,177.0888,8545,TRUE
"MIDAS-1802",38,0,36,0,3,"Madawaska Lake","USA","Maine",47.02537665,-68.21792373,11.5824,4.8768,634.952334,175.8696,106359,TRUE
"MIDAS-3130",32,0,31,0,3,"Sand (Walden) Pond","USA","Maine",43.954324,-70.76665829,13.4112,3.6576,100.362128,153.3144,NA,TRUE
"MIDAS-3132",37,0,35,0,3,"Hancock Pond","USA","Maine",43.93962088,-70.74577824,17.9832,5.1816,307.966046,153.3144,110672,TRUE
"MIDAS-3134",39,0,38,0,3,"Moose Pond","USA","Maine",44.04170168,-70.79599161,21.336,6.7056,686.752142,127.4064,110604,TRUE
"MIDAS-3198",22,0,22,0,3,"Jewett Pond (Five Kezar Ponds)","USA","Maine",44.21550611,-70.79655847,12.4968,3.3528,17.401498,176.784,1046056,TRUE
"MIDAS-3201",22,0,22,0,3,"Middle Pond (Five Kezar Ponds; 5 Kezars Pond)","USA","Maine",44.20750555,-70.81041849,14.9352,4.572,37.231112,174.3456,1046103,TRUE
"MIDAS-3232",34,0,33,0,3,"Keys Pond","USA","Maine",44.14331672,-70.81996746,12.8016,4.572,77.295026,154.8384,1046322,TRUE
"MIDAS-3234",35,0,34,0,3,"Stearns Pond","USA","Maine",44.12222006,-70.77722156,14.3256,8.2296,100.362128,134.112,1046450,TRUE
"MIDAS-3374",33,0,32,0,3,"Peabody Pond","USA","Maine",43.94489173,-70.687834,19.5072,9.7536,299.46764,146.304,110670,TRUE
"MIDAS-3376",29,0,29,0,3,"Cold Rain Pond","USA","Maine",43.93061071,-70.65757698,10.9728,3.3528,14.568696,153.924,1047174,TRUE
"MIDAS-3382",36,0,31,0,3,"Tricky Pond","USA","Maine",43.9403584,-70.60762856,17.3736,10.0584,127.47609,112.4712,110663,TRUE
"MIDAS-3396",30,0,30,0,3,"Adams Pond","USA","Maine",43.99499987,-70.71166985,15.5448,6.096,17.401498,190.5,1046900,TRUE
"MIDAS-3416",36,0,34,0,3,"Keoka Lake","USA","Maine",44.17992025,-70.70636298,12.8016,7.62,186.15556,150.5712,110493,TRUE
"MIDAS-3418",40,0,40,0,3,"Long (McWain) Pond","USA","Maine",44.18964142,-70.68009352,12.8016,6.7056,180.08527,163.6776,110482,TRUE
"MIDAS-3420",34,0,34,0,3,"Bear Pond","USA","Maine",44.15309784,-70.71785485,21.9456,9.4488,101.1715,114.6048,1046335,TRUE
"MIDAS-3424",31,0,31,0,3,"Moose Pond","USA","Maine",44.13724339,-70.74059427,13.1064,6.7056,78.91377,166.116,1046341,TRUE
"MIDAS-3448",32,0,32,0,3,"Island Pond","USA","Maine",44.16049969,-70.64271707,14.6304,4.8768,46.53889,136.5504,1046275,TRUE
"MIDAS-3452",38,0,37,0,3,"Crystal (Anonymous) Lake","USA","Maine",44.12610164,-70.67236879,19.812,10.0584,180.489956,94.488,110536,TRUE
"MIDAS-3454",41,0,40,0,3,"Highland Lake","USA","Maine",44.07985546,-70.73835279,15.24,5.4864,539.851124,129.54,110580,TRUE
"MIDAS-3734",34,0,31,0,3,"Highland (Duck) Lake","USA","Maine",43.77357711,-70.35683626,20.4216,5.7912,258.99904,57.912,110797,TRUE
"MIDAS-3832",39,0,38,0,3,"Wilson Pond","USA","Maine",44.29489993,-70.04855695,12.8016,7.0104,237.955368,73.7616,110397,TRUE
"MIDAS-3838",38,0,38,0,3,"Mousam Lake","USA","Maine",43.50749703,-70.85876169,29.8704,5.1816,397.401652,145.6944,110947,TRUE
"MIDAS-4822",29,0,29,0,3,"Chickawaukie Pond","USA","Maine",44.14039914,-69.11370278,10.0584,7.3152,143.258844,37.4904,110519,TRUE
"MIDAS-5172",27,0,22,0,3,"Unity Pond (Winnecook Lake)","USA","Maine",44.64678886,-69.33230111,12.4968,6.7056,1039.638334,53.0352,110015,TRUE
"MIDAS-5222",23,0,23,0,3,"Nequassett Lake","USA","Maine",43.95261739,-69.77425598,19.2024,9.144,188.17899,5.1816,110665,TRUE
"MIDAS-5236",43,0,42,0,3,"Cobbosseecontee Lake","USA","Maine",44.2694013,-69.92962621,30.48,11.2776,2232.247976,50.5968,9007,TRUE
"MIDAS-5307",40,0,39,0,3,"Torsey (Greeley) Lake","USA","Maine",44.42090965,-69.98567916,13.716,4.572,274.781794,80.1624,110263,TRUE
"MIDAS-5312",42,0,39,0,3,"Maranacook Lake","USA","Maine",44.34113713,-69.95034652,39.0144,9.144,746.240984,64.3128,110363,TRUE
"MIDAS-5408",42,0,41,0,3,"Webber Pond","USA","Maine",44.41068366,-69.65635459,12.4968,5.4864,498.977838,36.576,110261,TRUE
"MIDAS-5416",39,0,39,0,3,"Threemile Pond","USA","Maine",44.36668925,-69.60455988,11.2776,5.1816,475.101364,54.864,110272,TRUE
"MIDAS-5424",24,0,22,0,3,"Three Cornered Pond","USA","Maine",44.34798363,-69.6428476,10.0584,3.6576,73.248166,59.436,1045496,TRUE
"MIDAS-5448",42,0,37,0,3,"China Lake","USA","Maine",44.4302452,-69.54731476,25.908,8.5344,1594.058154,59.7408,8986,TRUE
"MIDAS-5582",29,0,29,0,3,"Beaver Pond","USA","Maine",44.06573975,-70.77178509,10.668,3.3528,27.923334,145.6944,1046620,TRUE
"MIDAS-5706",32,0,31,0,3,"Little Pond","USA","Maine",44.04116322,-69.47313711,14.6304,5.7912,33.588938,33.2232,1046709,TRUE
"MIDAS-5780",38,0,38,0,3,"Long Lake","USA","Maine",44.03716959,-70.65541601,17.9832,7.0104,2142.81237,81.6864,NA,TRUE
"MIDAS-8065",40,0,39,0,3,"Little Cobbosseecontee","USA","Maine",44.32846455,-69.8858397,10.0584,5.1816,36.826426,50.9016,1045584,TRUE
"MIDAS-9685",38,0,37,0,3,"Bay of Naples Lake (Brandy Pond)","USA","Maine",43.95517942,-70.58937455,13.4112,4.2672,299.46764,81.6864,9030,TRUE
"MIDAS-98",41,0,41,0,3,"Upper Narrows Pond","USA","Maine",44.30612637,-69.94469312,16.4592,7.62,96.719954,52.4256,110390,TRUE
"MIDAS-9931",32,0,30,0,3,"Togus Pond","USA","Maine",44.32444316,-69.65811896,14.9352,6.096,272.758364,55.1688,110382,TRUE
"MIDAS-9961",44,0,43,0,3,"Annabessacook Lake","USA","Maine",44.26969469,-69.98011305,14.9352,6.4008,572.63069,52.1208,110435,TRUE
"411",16,0,15,0,3,"Bostwick","USA","Michigan",43.0922,-85.4586,7.3,NA,89,259,NA,TRUE
"412",17,0,17,0,3,"Round","USA","Michigan",41.9642,-84.2742,20.4,3,208.4,317,111527,TRUE
"413",15,0,15,0,3,"Hamlin (Lower)","USA","Michigan",44.0553,-86.4683,24,6.9,2019.4,179,9025,TRUE
"414",16,0,16,0,3,"Hamlin (Upper)","USA","Michigan",44.0731,-86.4442,10,6.9,NA,179,9025,TRUE
"126",16,0,16,0,3,"Itasca","USA","Minnesota",47.208,-95.1778,12.2,9.1,436,448,105894,TRUE
"416",15,0,15,0,3,"Leech Main","USA","Minnesota",47.1496,-94.421,13,2,NA,395,738,TRUE
"417",16,0,16,0,3,"Leech West Basin","USA","Minnesota",47.1475,-94.593,30.5,2,NA,394,738,TRUE
"aba17",17,0,11,0,3,"Lamar","USA","Missouri",37.48,-94.2617,7.9,2.6,51,293,1058918,TRUE
"396",16,0,16,0,3,"Branched Oak","USA","Nebraska",40.9734,-96.8539,8.8392,24.5,728.4,390,111913,TRUE
"397",14,0,14,0,3,"Zorinsky","USA","Nebraska",41.2189,-96.1616,9.7536,3.9,414.2,340,1054478,TRUE
"79",28,0,28,0,3,"Sunapee 210","USA","New Hampshire",43.3844,-72.0624,33.7,3.2,1673.8,333,9068,TRUE
"NHLAK600020802-02",16,6,13,6,3,"conner pond","USA","New Hampshire",43.776697,-71.232553,19.2,9,34.256265214,273,1047702,TRUE
"124",26,0,26,0,3,"Otsego","USA","New York",42.7706,-74.8916,51,26.1,1637.4,363,9102,TRUE
"71",18,0,18,0,3,"Round","USA","New York",42.934455,-73.783293,7,3,130,48,111142,TRUE
"75",18,0,18,0,3,"Wheeler","USA","New York",43.7417,-74.962561,20,NA,5.2,525,NA,TRUE
"117",15,0,15,0,3,"Texoma","USA","Oklahoma",33.9065,-96.6275,30,24.4,36017,186,825,TRUE
"118",15,0,15,0,3,"T Bird","USA","Oklahoma",35.2208,-97.2181,18,22.1,2164.7,315,9358,TRUE
"119",40,0,39,0,3,"Eucha","USA","Oklahoma",36.358,-94.8896,26,16.2,1100,235,112796,TRUE
"120",40,0,39,0,3,"Spavinaw","USA","Oklahoma",36.3818,-95.0477,14,15.7,700,208,112794,TRUE
"31",21,7,21,7,3,"Lake Mendota","USA","Wisconsin",43.1113,-89.4255,25.3,4.8,3961,258,9086,TRUE
"32",21,7,21,7,3,"Lake Monona","USA","Wisconsin",43.0678,-89.3626,22.5,6.6,1324,257,9087,TRUE
"WI-013038",19,0,14,0,3,"Lake Sherwood","USA","Wisconsin",44.2044366,-89.80529,8.2296,3.048,87.42026972,302,1046093,TRUE
"WI-033140",16,0,14,0,3,"Red Cedar Lake","USA","Wisconsin",45.623604,-91.58084,16.1544,6.5,767.6286391,374,108721,TRUE
"WI-033142",12,0,10,0,3,"Hemlock Lake","USA","Wisconsin",45.56979,-91.56115,6.4008,2.4384,147.49995328,359,108721,TRUE
"WI-033143",13,0,13,0,3,"Sand Lake","USA","Wisconsin",45.5816585,-92.0963434,17.3736,8.5344,128.71442916,375,108711,TRUE
"WI-033171",11,0,11,0,3,"Big Dummy Lake","USA","Wisconsin",45.5738016,-91.9813423,16.4592,3.6576,46.02089192,377,NA,TRUE
"WI-033177",11,0,11,0,3,"Granite Lake","USA","Wisconsin",45.58449,-92.00568,10.3632,5.4864,62.70204884,375,1036659,TRUE
"WI-033210",14,0,14,0,3,"Echo Lake","USA","Wisconsin",45.4455226,-92.1270851,12.4968,6.096,69.79619442,368,1037543,TRUE
"WI-043035",13,0,13,0,3,"Middle Eau Claire Lake","USA","Wisconsin",46.304718,-91.51283,20.1168,5.1816,356.01036792,343,107558,TRUE
"WI-043037",18,0,18,0,3,"Lower Eau Claire Lake","USA","Wisconsin",46.281403,-91.5462,12.4968,6.7056,317.41951096,343,8704,TRUE
"WI-043126",16,0,15,0,3,"Diamond Lake","USA","Wisconsin",46.2615268,-91.1435063,25.2984,10.0584,130.45457896,424,107633,TRUE
"WI-043129",17,0,17,0,3,"Upper Eau Claire Lake","USA","Wisconsin",46.3095748,-91.4739549,28.0416,8.8392,414.56438526,343,107543,TRUE
"WI-043148",16,0,16,0,3,"Hammil Lake","USA","Wisconsin",46.262104,-91.30303,14.3256,6.096,31.33888384,423,1029367,TRUE
"WI-043156",16,0,16,0,3,"Samoset Lake","USA","Wisconsin",46.2570527,-91.308116,12.192,NA,17.3610294,423,NA,TRUE
"WI-043157",16,0,16,0,3,"Lake Wilipyro","USA","Wisconsin",46.2515759,-91.3077522,7.62,3.6,29.01193934,423,1029485,TRUE
"WI-043161",15,0,15,0,3,"Robinson Lake","USA","Wisconsin",46.32741,-91.4922064,10.9728,4.2672,36.10608492,343,1028648,TRUE
"WI-073100",13,0,13,0,3,"Viola Lake","USA","Wisconsin",45.8212192,-92.2564529,10.3632,3.9624,107.41580498,299,1034311,TRUE
"WI-10028991",13,9,13,9,3,"Lake of the Pines","USA","Wisconsin",45.78036,-90.71224,11.8872,5.1816,110.36596592,424,108485,TRUE
"WI-153112",29,9,19,3,3,"Clark Lake","USA","Wisconsin",44.93684,-87.20831,7.62,2.1336,350.10195232,178,109602,TRUE
"WI-163238",26,9,13,4,3,"Leader Lake","USA","Wisconsin",46.1933333,-91.8594473,17.0688,6.7056,69.22558716,315,NA,TRUE
"WI-213123",28,7,18,3,3,"Lake Lucerne","USA","Wisconsin",45.530827,-88.8486127,22.2504,9.4488,420.32306704,500,108799,TRUE
"WI-213138",26,6,10,1,3,"Franklin Lake","USA","Wisconsin",45.9374926,-88.9986241,14.0208,5.7912,339.68533468,519,108223,TRUE
"WI-263057",13,9,12,9,3,"Rice Lake","USA","Wisconsin",46.1882719,-90.0767274,6.4008,2.4384,46.11801656,484,1030275,TRUE
"WI-343151",20,7,12,5,3,"White Lake","USA","Wisconsin",45.1633326,-88.7672257,12.8016,4.1,62.06669182,389,1040009,TRUE
"WI-383095",22,6,12,4,3,"Little Newton Lake","USA","Wisconsin",45.3661067,-88.1247351,16.1544,4.572,23.9574112,276,1038186,TRUE
"WI-383185",21,1,12,0,3,"Newton Lake","USA","Wisconsin",45.36888,-88.11611,12.192,4.8768,28.00831806,275,1038149,TRUE
"WI-393017",20,3,13,0,3,"Wood Lake","USA","Wisconsin",43.9788837,-89.5125094,10.7,6.7056,33.28947036,294,1046959,TRUE
"WI-433035",26,6,14,2,3,"Archibald Lake","USA","Wisconsin",45.2833268,-88.5813985,15.24,5.7912,158.6773806,391,109149,TRUE
"WI-433283",14,3,12,3,3,"Kelly Lake","USA","Wisconsin",45.027214,-88.2308382,12.4968,4.2672,148.46310596,250,109503,TRUE
"WI-433337",16,0,14,0,3,"Grindle Lake","USA","Wisconsin",45.2330513,-88.3733372,7.0104,3.2,16.03770618,293,1039408,TRUE
"WI-433368",18,5,14,4,3,"Little Horn Lake","USA","Wisconsin",45.3124981,-88.6283454,7.62,4.4,10.22236836,406,109115,TRUE
"WI-443060",27,8,16,3,3,"Blue Lake","USA","Wisconsin",45.84,-89.76223,14.9352,7.62,178.27227672,482,108385,TRUE
"WI-443264",27,8,15,0,3,"Squash Lake","USA","Wisconsin",45.596104,-89.55667,22.5552,6.7056,160.93552848,478,108726,TRUE
"WI-443386",27,5,13,0,3,"Hasbrook Lake","USA","Wisconsin",45.839718,-89.57779,15.24,4.9,124.3802421,486,108381,TRUE
"WI-443391",20,6,13,0,3,"Two Sisters Lake","USA","Wisconsin",45.77194,-89.53473,19.2024,9.144,291.00160888,481,108482,TRUE
"WI-493097",24,7,13,4,3,"Pipe Lake","USA","Wisconsin",45.5186078,-92.2088908,20.7264,8.2296,118.68631008,377,108811,TRUE
"WI-583092",18,4,13,1,3,"Clear Lake","USA","Wisconsin",46.02222,-91.26417,9.7536,4.2672,31.3226964,412,1032141,TRUE
"WI-643466",18,9,13,7,3,"Imogene Lake","USA","Wisconsin",45.9908333,-89.0400023,12.4968,3.6,24.49159672,544,1032514,TRUE
"WI-653123",21,6,14,2,3,"Green Lake","USA","Wisconsin",42.780514,-88.56935,17.3736,7.1,125.857346,269,111200,TRUE
"WI-653124",22,7,13,2,3,"Middle Lake","USA","Wisconsin",42.771675,-88.56673,12.192,7.1,104.813674,269,111200,TRUE
"WI-683145",21,6,14,1,3,"Silver Lake","USA","Wisconsin",43.074764,-88.488464,12.192,3.4,87.84519002,264,1049291,TRUE
"WI-693034",18,6,13,1,3,"Shadow Lake","USA","Wisconsin",44.3452725,-89.0869525,12.4968,5.1816,17.83451202,250,1045489,TRUE
"WI-693121",17,7,13,3,3,"Mirror Lake","USA","Wisconsin",44.3500476,-89.082901,13.1064,7.62,5.64132284,250,NA,TRUE
"WI-703018",19,8,16,7,3,"Silver Lake","USA","Wisconsin",44.0508251,-89.2261227,15.24,6.4008,132.8584138,264,NA,TRUE
"WI-703052",23,7,10,4,3,"Gilbert Lake","USA","Wisconsin",44.2124931,-89.1691691,19.812,5.2,56.26754144,269,1046074,TRUE
"WI-703056",20,7,10,4,3,"Long Lake","USA","Wisconsin",44.21533,-89.12831,21.6408,5.5,102.8711812,265,110462,TRUE
"148",22,0,22,0,3.5,"Long Pond","USA","Maine",44.0006,-70.8568,5.79,4.2,17.8,124,1046856,FALSE
"150",19,0,19,0,3.5,"Little Moose Pond","USA","Maine",43.9611,-70.8143,3.96,2.1,13.4,110,NA,FALSE
"161",18,0,18,0,3.5,"Pleasant Pond","USA","Maine",44.0063,-70.888,4.57,4.6,244.5,111,1046831,FALSE
"162",17,0,17,0,3.5,"Holt Pond","USA","Maine",43.9768,-70.6786,3.05,3.6,16.6,125,1046962,FALSE
"167",27,0,27,0,3.5,"Papoose Pond","USA","Maine",44.2325,-70.7132,4.57,3.9,28.3,145,1045989,FALSE
"180",26,0,26,0,3.5,"Otter Pond","USA","Maine",44.0223,-70.6774,6.4,5.8,36.4,118,1046773,FALSE
"181",39,0,39,0,3.5,"North Pond","USA","Maine",44.2623,-70.5907,3.05,5.4,110.5,147,1045873,FALSE
"185",24,0,24,0,3.5,"Saddleback ","USA","Maine",44.9703,-70.5606,4.27,3.8,136,538,109558,FALSE
"198",36,0,36,0,3.5,"Sabattus Pond","USA","Maine",44.1443,-70.1026,5.79,12.2,798.8,75,110530,FALSE
"228",26,0,26,0,3.5,"North Lake (Little Pond)","USA","Maine",44.6279,-69.8418,6.1,10.1,1024.7,76,110035,FALSE
"237",17,0,17,0,3.5,"Paradise (Muddy) Pond","USA","Maine",44.0252,-69.4873,3.35,5.2,68,35,1046744,FALSE
"241",20,0,20,0,3.5,"Kezar Pond","USA","Maine",44.0848,-70.886,3.66,7.1,749.4,112,110568,FALSE
"WI-073099",12,0,11,0,3.5,"Birch Island Lake","USA","Wisconsin",45.949993,-92.151,3.9624,1.8288,310.81098858,301,108205,FALSE
"WI-093070",12,0,11,0,3.5,"Round Lake","USA","Wisconsin",45.2536642,-91.4503351,5.4864,3.048,87.32719194,327,1039153,FALSE
"WI-433367",17,7,12,4,3.5,"Explosion Lake","USA","Wisconsin",45.3152697,-88.6433459,3.048,4.4,17.57146612,406,109115,FALSE
"WI-433371",18,7,14,6,3.5,"Horn Lake","USA","Wisconsin",45.323606,-88.6336152,3.3528,1.8288,53.16764668,407,NA,FALSE
"WI-703031",23,7,10,3,3.5,"Hills Lake","USA","Wisconsin",44.0466653,-89.2102865,6.096,4.1,31.7476167,260,1046697,FALSE
"145",3,0,3,0,4,"Long","USA","Maine",45.2162,-67.609,7.62,2.6,246.2,62,8856,TRUE
"MIDAS-5272",22,0,3,0,4,"Long Pond","USA","Maine",44.50556051,-69.91416946,32.3088,10.668,1034.782102,72.5424,NA,TRUE
"MIDAS-5290",5,0,4,0,4,"Gould Pond","USA","Maine",44.39860348,-69.82684064,10.3632,3.9624,9.307778,82.296,NA,TRUE
"MIDAS-5294",10,0,9,0,4,"Silver Lake (Figure Eight Pond)","USA","Maine",44.393625,-69.82455146,18.8976,5.1816,13.759324,81.3816,1045277,TRUE
"MIDAS-5296",9,0,9,0,4,"Fairbanks Pond","USA","Maine",44.38960866,-69.83022102,10.668,3.048,6.474976,81.0768,NA,TRUE
"aba12",5,5,5,5,4,"Messalonskee Lake","USA","Maine",44.47917371,-69.78916919,34.4,10,1493.695,234,8973,TRUE
"aba19",5,5,5,5,4,"Great Pond","USA","Maine",44.53328716,-69.84094023,21,6.4,3453.183,248,8976,TRUE
"aba20",5,5,5,5,4,"Great Pond","USA","Maine",44.53328716,-69.84094023,21,6.4,3453.183,248,8976,TRUE
"aba35",5,5,5,5,4,"SalmonLake","USA","Maine",44.52752814,-69.77964817,17.4,7,281,277,110193,TRUE
"aba18",5,0,5,0,4,"Morris","USA","Michigan",46.25,-89.52,6.7,2.421926506,5.92,506,NA,TRUE
"aba21",6,0,6,0,4,"East Long","USA","Michigan",46.23,-89.49,14.02,4.038372726,3.18,514,NA,TRUE
"aba22",5,0,5,0,4,"Hummingbird","USA","Michigan",46.24,-89.5,7.62,3.435175304,0.75,518,1029601,TRUE
"aba23",7,0,7,0,4,"West Long","USA","Michigan",46.23,-89.5,14.02,3.89140746,4.86,514,NA,TRUE
"NHLAK600020703-01-01",6,6,6,6,4,"duncan","USA","New Hampshire",43.704194,-71.1036,7,3.6,33.406019928,175,1047864,TRUE
"NHLAK600030405-03",8,8,7,7,4,"willand pond","USA","New Hampshire",43.2275,-70.8875,11.2,4.7,26.576134306,67,1048925,TRUE
"NHLAK600030902-02",8,7,6,6,4,"wheelwright pond","USA","New Hampshire",43.1366,-71.0113,9.4,3.6,41.285661034,40,1049134,TRUE
"NHLAK700020108-04",8,8,7,7,4,"hawkins pond","USA","New Hampshire",43.690778,-71.558889,10,3.4,36.87498832,182,1047914,TRUE
"NHLAK700020201-02",10,8,7,7,4,"hunkins pond","USA","New Hampshire",43.504194,-71.5595,7,4.2,6.621472332,242,NA,TRUE
"NHLAK700040401-01-01",6,6,0,0,4,"melendy pond","USA","New Hampshire",42.781444,-71.658644,6.8,2.7,7.090503406,126,NA,TRUE
"130",2,0,2,0,4,"Lake George Dome","USA","New York",43.4266,-73.7064,60,24.5,12000,97,767,TRUE
"aba31",9,6,9,6,4,"BVR","USA","Virginia",37.31,-79.81,12,6,39,588,1059085,TRUE
"WI-033159",3,0,1,0,4,"Lake Desair","USA","Wisconsin",45.5463274,-91.777512,10.0584,5.1816,32.6581602,354,1036831,TRUE
"WI-033161",9,0,9,0,4,"Lower Turtle Lake","USA","Wisconsin",45.3894934,-92.0760028,7.3152,4.2672,115.69163368,356,109013,TRUE
"WI-033184",8,0,8,0,4,"Little Dummy Lake","USA","Wisconsin",45.5789967,-91.9885108,13.4112,3.9624,17.27604534,377,1036591,TRUE
"WI-033185",11,0,7,0,4,"Lower Vermillion Lake","USA","Wisconsin",45.5156314,-91.9649465,16.764,7.3152,86.8253813,359,1037127,TRUE
"WI-033187",9,0,9,0,4,"Poskin Lake","USA","Wisconsin",45.4298529,-91.9694454,9.144,4.8768,62.12334786,531,1037688,TRUE
"WI-043077",9,0,9,0,4,"Eagle Lake","USA","Wisconsin",46.4983284,-91.3591781,15.8496,4.2672,66.13378612,337,107203,TRUE
"WI-043113",7,0,7,0,4,"Namekagon Lake","USA","Wisconsin",46.2188863,-91.1141737,15.5448,4.8768,1172.35106084,424,8704,TRUE
"WI-083044",4,0,4,0,4,"Becker Lake","USA","Wisconsin",44.1301863,-88.0475028,16.002,4.8768,14.22875976,251,1046394,TRUE
"WI-093053",10,0,7,0,4,"Axhandle Lake","USA","Wisconsin",45.2786,-91.4823,22.098,5.7912,34.8434646,337,1038990,TRUE
"WI-093123",1,0,1,0,4,"Long Lake","USA","Wisconsin",45.2479099,-91.4110039,30.7848,6.096,378.6646902,327,109185,TRUE
"WI-203079",11,9,3,3,4,"DeNeveu Lake","USA","Wisconsin",43.7304682,-88.3949544,20.4216,4.6,32.35059884,263,1047816,TRUE
"WI-393018",25,6,0,0,4,"White Lake","USA","Wisconsin",43.8116622,-89.2572306,18.288,3.9,32.70672252,244,1047597,TRUE
"WI-403110",17,6,8,1,4,"Blacksmith Lake","USA","Wisconsin",44.899994,-88.55751,19.5072,7.6,85.5708547,260,109659,TRUE
"WI-643095",22,6,0,0,4,"Plummer Lake","USA","Wisconsin",45.96805,-89.77445,25.908,4.4,88.4643596,491,1032777,TRUE
"WI-643126",24,4,9,0,4,"Black Oak Lake","USA","Wisconsin",46.162216,-89.309456,25.908,10.3632,228.1619668,520,107810,TRUE
"WI-643239",21,1,8,1,4,"Little Crawling Stone Lake","USA","Wisconsin",45.9272169,-89.8969481,13.4112,5.4864,45.8509238,488,NA,TRUE
"WI-643407",26,9,8,2,4,"Crab Lake","USA","Wisconsin",46.19694,-89.72612,18.288,6.7056,367.80696482,501,107731,TRUE
"WI-663091",11,6,5,0,4,"Long Lake","USA","Wisconsin",45.67722,-91.69529,22.5552,7.9248,1407.46957998,371,8801,TRUE
"WI-703014",24,1,9,1,4,"Pearl Lake","USA","Wisconsin",44.0908276,-89.1227806,13.716,7.62,40.94612948,247,1046534,TRUE
"aba01",5,0,5,0,4,"Crampton","USA","Wisconsin",46.21,-89.47,18.5,5.030444563,25.89,512,1029915,TRUE
"NHLAK600020804-03",6,6,6,6,4.5,"duck pond","USA","New Hampshire",43.808,-71.1194,4.3,2.4,13.772273952,123,1047618,FALSE
"NHLAK700020202-05",8,7,6,6,4.5,"sawyer","USA","New Hampshire",43.448889,-71.4027,4.5,3,32.888021848,310,1048434,FALSE
"NHLAK700030105-02-01",6,6,5,5,4.5,"otter","USA","New Hampshire",42.957778,-71.898194,4.6,2.8,54.68319575,245,1049569,FALSE
"NHLAK700060201-02",7,6,0,0,4.5,"lyford pond","USA","New Hampshire",43.398194,-71.4859,2.7,1.4,9.606031582,250,NA,FALSE
"NHLAK700060801-02",9,9,1,1,4.5,"maxwell pond","USA","New Hampshire",43.010291,-71.479221,4,0.4,2.225773,67,NA,FALSE
"NHLAK802010303-02",9,9,0,0,4.5,"meetinghouse pond","USA","New Hampshire",42.884269,-72.183634,2.9,1.2,18.573873342,336,1049755,FALSE
"WI-033160",8,0,5,0,4.5,"Kirby Lake","USA","Wisconsin",45.602333,-92.06534,5.7912,2.4384,39.52163476,401,1036435,FALSE
"WI-033193",10,0,7,0,4.5,"Staples Lake","USA","Wisconsin",45.49861,-92.14583,5.1816,3.048,137.41517816,373,108838,FALSE
"WI-093115",9,0,9,0,4.5,"Lake Hallie; Lake Hallie 2","USA","Wisconsin",44.8771656,-91.4430091,3.9624,1.8288,31.9297254,249,1042185,FALSE
"WI-10043373",8,4,7,3,4.5,"Little Pickerel Lake","USA","Wisconsin",45.354081,-88.595146,6.096,4.2,10.2587901,400,109033,FALSE
"WI-433248",11,7,7,4,4.5,"Pickerel Lake","USA","Wisconsin",45.3521521,-88.5855325,3.048,4.2,71.09523648,397,109033,FALSE
"WI-643460",10,8,8,6,4.5,"Mann Lake","USA","Wisconsin",45.9902725,-89.6566763,5.4864,1.524,102.26819906,498,1032456,FALSE
